# d=4; tau, alpha, f in units of S_1; f = refined Renyi / S_1
q,x_q_lam-0.1944,tau_lam-0.1944,alpha_lam-0.1944,f_lam-0.1944,x_q_lam-0.1000,tau_lam-0.1000,alpha_lam-0.1000,f_lam-0.1000,x_q_lam+0.0000,tau_lam+0.0000,alpha_lam+0.0000,f_lam+0.0000,x_q_lam+0.0500,tau_lam+0.0500,alpha_lam+0.0500,f_lam+0.0500,x_q_lam+0.0900,tau_lam+0.0900,alpha_lam+0.0900,f_lam+0.0900
0.3,1.810545238,-1.527125468,7.818992798,3.872823307,1.855012476,-1.749481675,10.0920847,4.777107086,1.926239754,-2.321619706,16.08499829,7.147119194,1.978860734,-3.101987282,24.40540063,10.42360747,2.035398704,-4.8982454,43.76508192,18.02776998
0.3195325543,1.736356316,-1.38718093,6.567394778,3.485677358,1.774902129,-1.570191429,8.348285745,4.237740497,1.836972736,-2.038858739,13.01885659,6.19880724,1.883120194,-2.675819571,19.47987061,8.900272384,1.932993732,-4.138730644,34.48220235,15.15691684
0.3390651085,1.67126062,-1.268685604,5.606456569,3.169639409,1.704742326,-1.420647516,7.022295389,3.801662864,1.758909995,-1.808088823,10.71642041,5.44165307,1.799414479,-2.332881796,15.80816681,7.692879589,1.843430804,-3.535604524,27.60616336,12.8958913
0.3585976628,1.613699846,-1.166803547,4.855317525,2.907909063,1.642830841,-1.293925041,5.995455471,3.44388136,1.690151727,-1.616710647,8.955436252,4.828109156,1.725720838,-2.052540769,13.02064497,6.721713623,1.764572408,-3.04934086,22.41995352,11.08908379
0.378130217,1.562447954,-1.078009045,4.258778861,2.68838202,1.587825992,-1.185015728,5.187310109,3.146494425,1.629195706,-1.455701849,7.586374747,4.324339378,1.660436617,-1.820101325,10.86960648,5.930227984,1.69472243,-2.651914928,18.44461123,9.626379776
0.3976627713,1.516528037,-0.9996807044,3.778282633,2.502163047,1.53865709,-1.090225233,4.54203653,2.896424067,1.574839449,-1.318472986,6.506308608,3.905789697,1.602276244,-1.624890689,9.185257504,5.277525643,1.632517994,-2.323067973,15.35289687,8.42834349
0.4171953255,1.475152757,-0.9298350965,3.386335363,2.342598381,1.494460127,-1.006779911,4.020097086,2.683945623,1.526109813,-1.200125797,5.642922735,3.554326785,1.55019709,-1.459020336,7.848815226,4.73350936,1.576851678,-2.047898618,12.91667207,7.436673829
0.4367278798,1.437680961,-0.8669477509,3.062967266,2.204630951,1.454530813,-0.932564052,3.592964299,2.501711733,1.48221146,-1.096960789,4.944463082,3.256345668,1.503345187,-1.316566713,6.775645243,4.275679894,1.526814578,-1.81527313,10.97396898,6.607911333
0.4562604341,1.403585588,-0.8098302574,2.793429131,2.084361445,1.418289756,-0.8659405208,3.239706601,2.344090461,1.442488551,-1.006143322,4.37326596,3.001491548,1.46101485,-1.193017556,5.904434222,3.886977277,1.481653975,-1.616753867,9.407887986,5.909200923
0.4757929883,1.372429613,-0.7575442355,2.566661237,1.978743655,1.385256291,-0.8056259192,2.944729848,2.206707733,1.406395871,-0.9254727813,3.901501398,2.78177979,1.422618214,-1.084890484,5.190086807,3.554297395,1.440741412,-1.445863171,8.132782912,5.315384256
0.4953255426,1.343847775,-0.7093400474,2.374255161,1.885369273,1.355028571,-0.7506021647,2.696253557,2.086125421,1.373476786,-0.8532201959,3.508317493,2.590979462,1.387661963,-0.9894656516,4.598973859,3.267454874,1.403548297,-1.297568876,7.085039334,4.806969829
0.5148580968,1.317532555,-0.664612433,2.209736986,1.802313412,1.327268239,-0.7000528466,2.485264119,1.979611201,1.343346236,-0.7880121673,3.177889985,2.424174557,1.355729341,-0.9045953616,4.105696501,3.018446448,1.369627048,-1.167919007,6.216808906,4.368693409
0.5343906511,1.293223286,-0.62286792,2.068064153,1.728022069,1.301688519,-0.6533167381,2.304783717,1.884971609,1.315677462,-0.7287466767,2.898068036,2.277447141,1.32646609,-0.8285664929,3.690846121,2.800920155,1.338596351,-1.053778636,5.491682325,3.988482329
0.5539232053,1.270697623,-0.5837005613,1.945266891,1.661229033,1.278044857,-0.6098533789,2.149351897,1.800429271,1.290191553,-0.6745311875,2.65941963,2.147645433,1.299569365,-0.7599997514,3.339430306,2.609787691,1.310129519,-0.9526377812,4.881656123,3.656700389
0.5734557596,1.249764798,-0.5467736451,1.83818906,1.600893749,1.256127514,-0.5692172733,2.014652753,1.724531498,1.266649144,-0.6246365682,2.45454922,2.032211956,1.274778908,-0.6977749689,3.039751277,2.440937846,1.283945218,-0.8624694505,4.364976884,3.365590585
0.5929883139,1.230260242,-0.5118057504,1.744298414,1.546154326,1.235755652,-0.5310383245,1.897243311,1.656081436,1.244843766,-0.5784623954,2.277603606,1.929054717,1.251869958,-0.6409750767,2.782596387,2.291022216,1.259800018,-0.7816235283,3.924589369,3.10885916
0.6125208681,1.212041259,-0.4785600002,1.661546015,1.496291608,1.216772573,-0.4950068365,1.79435326,1.594085653,1.224596479,-0.5355105432,2.123909811,1.836449624,1.230647528,-0.5888436358,2.560646842,2.157293262,1.23748235,-0.7087466204,3.547006046,2.881361843
0.6320534224,1.194983531,-0.4468356992,1.588260885,1.450701427,1.199041863,-0.4608619043,1.703735608,1.537713827,1.205751512,-0.4953648802,1.9897067,1.752965809,1.210941733,-0.5407523211,2.368040975,2.037480724,1.216807584,-0.6427209063,3.221474452,2.678864859
0.6515859766,1.178978263,-0.4164617655,1.523070246,1.408872979,1.18244424,-0.4283823417,1.623554149,1.486267458,1.188172692,-0.4576755145,1.871943981,1.677407962,1.192603968,-0.4961757959,2.200048312,1.929696424,1.197613981,-0.5826170599,2.939357558,2.497861225
0.6711185309,1.163929842,-0.3872915272,1.464838542,1.370371818,1.166874977,-0.397379531,1.552297836,1.439155374,1.171740513,-0.4221464615,1.7681302,1.608771404,1.175503749,-0.4546721264,2.052823943,1.832360315,1.179759343,-0.5276576896,2.693668171,2.335428315
0.6906510851,1.14975391,-0.3591985686,1.412620397,1.334826379,1.152241763,-0.3676917422,1.488715025,1.39587439,1.156349703,-0.3885259116,1.676216714,1.546206804,1.159526101,-0.4158673905,1.923221704,1.744142547,1.163118236,-0.4771887169,2.478715919,2.189116556
0.7101836394,1.136375756,-0.332073387,1.365624008,1.301917215,1.138462934,-0.3391795843,1.431762547,1.35599392,1.141907204,-0.3565984907,1.59450838,1.488992255,1.144569368,-0.3794434903,1.808650889,1.663917761,1.147579662,-0.4306567984,2.289837283,2.056861773
0.7297161937,1.123728983,-0.3058206849,1.323182431,1.271368332,1.125465991,-0.311722337,1.380565932,1.319143654,1.128330479,-0.3261790607,1.521594228,1.436511009,1.130543389,-0.34512843,1.706965427,1.590728744,1.133045103,-0.3875913879,2.123187501,1.93691569
0.7492487479,1.11175438,-0.2803571614,1.284730894,1.242940175,1.113186362,-0.2852149739,1.334388128,1.285003608,1.11554609,-0.2971077193,1.456293248,1.388233612,1.117367955,-0.3126885087,1.616377542,1.523757358,1.119426868,-0.3475903882,1.975578936,1.827790432
0.7687813022,1.100398984,-0.2556096992,1.249788735,1.21642391,1.101566352,-0.2595657289,1.292604697,1.253296051,1.103488503,-0.269245742,1.397611679,1.343703469,1.104971503,-0.2819220108,1.535389974,1.462301114,1.106646699,-0.3103086,1.844354631,1.728213955
0.7883138564,1.089615271,-0.2315138684,1.217944931,1.191636734,1.090554259,-0.2346940978,1.254684034,1.223778907,1.092099065,-0.2424722682,1.34470914,1.302525116,1.093290016,-0.2526540741,1.462742428,1.405754199,1.094634574,-0.2754483672,1.727288732,1.637094008
0.8078464107,1.079360483,-0.2080126845,1.188846428,1.168418004,1.080103623,-0.2105291852,1.220171479,1.196240335,1.081325142,-0.2166815788,1.296871579,1.264354629,1.082266071,-0.2247324932,1.39736898,1.353592008,1.083327686,-0.2427519567,1.622507546,1.553488854
0.8273789649,1.069596037,-0.1850555712,1.162188677,1.146626035,1.070172576,-0.1870083313,1.188676483,1.17049425,1.071119376,-0.1917808487,1.25348956,1.228891744,1.071848036,-0.1980242679,1.338363986,1.305358477,1.072669573,-0.2119953177,1.528426598,1.476583334
0.8469115192,1.060287037,-0.1625974912,1.137707906,1.126135423,1.0607233,-0.1640759656,1.159862178,1.146376605,1.061439052,-0.1676882806,1.214040711,1.195873343,1.061989374,-0.1724127502,1.284954647,1.260655643,1.062609361,-0.182982943,1.443700133,1.405669216
0.8664440735,1.051401837,-0.1405982138,1.115174792,1.106834803,1.051721542,-0.1416826434,1.133436856,1.12374229,1.05224555,-0.1443315486,1.178075464,1.165068053,1.052648045,-0.1477952739,1.236478802,1.219135004,1.053101113,-0.1555436182,1.367180393,1.340128967
0.8859766277,1.042911673,-0.1190216943,1.094389228,1.088624972,1.043136214,-0.1197842353,1.109146969,1.102462526,1.043503877,-0.1216464935,1.145205418,1.136271728,1.043785989,-0.1240811758,1.192366855,1.180490341,1.044103267,-0.1295268884,1.297884593,1.279422303
0.905509182,1.034790342,-0.09783554717,1.075176003,1.07141729,1.034939034,-0.09834123916,1.086771353,1.082422678,1.035182252,-0.0995760246,1.115093774,1.109303676,1.035368676,-0.101190137,1.152126994,1.144451709,1.035578143,-0.1048001067,1.234968011,1.22307498
0.9250417362,1.027013924,-0.07701059591,1.057381196,1.055132333,1.027104216,-0.07731819633,1.066116439,1.063520398,1.027251754,-0.07806919093,1.087447456,1.084003474,1.027364716,-0.07905078591,1.115333052,1.110780409,1.027491517,-0.08124596046,1.177701957,1.170669424
0.9445742905,1.019560537,-0.05652048747,1.040869163,1.039698739,1.019608205,-0.05668319255,1.047012261,1.045664056,1.019686012,-0.05708039326,1.062010578,1.060228282,1.019745518,-0.05759951725,1.081614475,1.079264743,1.019812246,-0.05876038708,1.12545565,1.121836859
0.9641068447,1.012410125,-0.03634136071,1.025520011,1.025052223,1.01242944,-0.03640743061,1.029309114,1.028771393,1.012460934,-0.03656871229,1.038559008,1.037850561,1.012484992,-0.0367794892,1.050648013,1.04971643,1.012511943,-0.03725081278,1.077681237,1.07625067
0.983639399,1.005544269,-0.01645156014,1.01122746,1.011134731,1.005548149,-0.01646486268,1.012874756,1.012768379,1.005554468,-0.01649733406,1.016895825,1.016756132,1.00555929,-0.01653976924,1.022150792,1.02196756,1.005564686,-0.01663465768,1.033901377,1.033620787
1.003171953,0.9989460252,0.003168611858,0.9978970452,0.9978937161,0.9989461663,0.003168126924,0.9975920327,0.9975882211,0.9989463958,0.003166943213,0.9968475061,0.9968425165,0.9989465708,0.003165396295,0.9958745291,0.9958680002,0.9989467663,0.003161937278,0.9936988855,0.9936889147
1.022704508,0.9925997793,0.02253711046,0.9854445776,0.985281501,0.9926067757,0.02251299645,0.9833568829,0.9831705201,0.9926181466,0.02245413396,0.9782607191,0.978017513,0.9926268023,0.02237720913,0.9716006741,0.9712831797,0.9926364674,0.02220519836,0.9567080809,0.9562244683
1.042237062,0.9864911179,0.04167033598,0.9737948411,0.973254738,0.9865145669,0.04158928531,0.9700766313,0.9694605326,0.986552636,0.04139143233,0.9609996038,0.9601979711,0.9865815799,0.04113285862,0.9491363147,0.9480921852,0.9866138633,0.04055465197,0.922607519,0.9210210978
1.061769616,0.9806067148,0.06058329798,0.9628804728,0.9617739319,0.9806553116,0.06041482195,0.9576685395,0.9564085355,0.9807341216,0.06000353037,0.9449434711,0.9433087361,0.9807939685,0.05946598783,0.9283107172,0.926186126,0.9808606455,0.05826392731,0.8911138724,0.8878937068
1.08130217,0.9749342304,0.07928975899,0.9526410036,0.9508030257,0.9750158528,0.07900590549,0.9460585637,0.9439692726,0.9751480758,0.07831289475,0.9299848417,0.9272817329,0.9752483619,0.0774070973,0.9089723904,0.9054667211,0.9753599672,0.07538144893,0.8619767557,0.8566758877
1.100834725,0.9694622218,0.09780236097,0.9430220325,0.9403090384,0.9695840056,0.09737746494,0.9351802894,0.9321014714,0.969781072,0.09634000795,0.9160277715,0.9120551715,0.9699303577,0.09498389581,0.8909865859,0.8858450771,0.9700963047,0.09195103614,0.8349743376,0.8272177088
1.120367279,0.9641800622,0.1161327366,0.9339745127,0.9302617466,0.9643484697,0.115543199,0.9249740144,0.9207674205,0.9646206836,0.1141035792,0.9029864162,0.8975728548,0.9648266458,0.1122216061,0.874233165,0.867240626,0.9650553344,0.1080124233,0.8099096066,0.7993837986
1.139899833,0.9590778693,0.1342916079,0.9254541342,0.9206334052,0.9592987502,0.1335156992,0.9153859565,0.9099325998,0.9596553936,0.1316207295,0.890783799,0.8837835742,0.9599249087,0.1291432317,0.8586047696,0.8495802018,0.9602238219,0.1236017128,0.7866071838,0.7730516847
1.159432387,0.954146441,0.152288873,0.9174207874,0.9113985007,0.9544250877,0.1513065587,0.9063675678,0.8995653542,0.9548745141,0.148907154,0.8793507464,0.8706405812,0.9552137328,0.1457697913,0.8440052529,0.8327972339,0.9555895242,0.1387517701,0.764910595,0.7481103471
1.178964942,0.9493771978,0.1701336839,0.9098380954,0.902533533,0.9497183948,0.1689264688,0.8978749394,0.8896366067,0.9502681134,0.1659772655,0.8686249703,0.8581011219,0.9506825284,0.1621205237,0.8303483254,0.8168310413,0.9511411011,0.1534925695,0.7446799275,0.7244589577
1.198497496,0.9447621303,0.1878345152,0.9026730064,0.8940168225,0.9451701993,0.186385304,0.8898682829,0.8801196047,0.9458269516,0.1828443206,0.8585502714,0.8461260296,0.9463214583,0.1782130689,0.8175563868,0.8016262134,0.9468680358,0.1678514977,0.7257898143,0.7020057773
1.21803005,0.9402937531,0.2053992254,0.8958954369,0.8858283385,0.9407725934,0.2036921981,0.8823114778,0.8709896954,0.9415424216,0.1995205323,0.8490758467,0.8346793638,0.942121373,0.1940636277,0.8055595131,0.7871320663,0.9427605637,0.1818536202,0.7081276926,0.6806671887
1.237562604,0.9359650617,0.2228351117,0.8894779581,0.8779495466,0.9365181869,0.220855612,0.8751716759,0.8622241265,0.9374064966,0.2160171685,0.8401556872,0.8237280918,0.9380737533,0.2096871029,0.7942945771,0.7733021625,0.9388096084,0.1955219166,0.6915922973,0.660366848
1.257095159,0.9317694951,0.2401489593,0.8833955205,0.8703632727,0.9324000662,0.2378833942,0.8684189542,0.8538018687,0.9334116825,0.2323446415,0.8317480511,0.8132418068,0.9341706576,0.2250972242,0.7837044831,0.7600938873,0.9350067235,0.2088774881,0.6760923538,0.6410349366
1.276627713,0.9277009004,0.2573470853,0.8776252114,0.863053581,0.9284117563,0.2547828346,0.8620260092,0.8457034579,0.929550975,0.2485125856,0.8238150028,0.8031924772,0.9304046747,0.2403066595,0.7737374989,0.7474680741,0.9313440408,0.2219397411,0.6615454405,0.6226075016
1.296160267,0.9237535018,0.2744353786,0.8721460401,0.8560056657,0.9245471863,0.2715607133,0.8559678884,0.8379108535,0.9258178202,0.2645299284,0.8163220082,0.7935542238,0.9267688811,0.2553271139,0.7643466707,0.735388671,0.9278142225,0.2347265506,0.6478769979,0.6050258721
1.315692821,0.9199218719,0.2914193349,0.8669387484,0.8492057529,0.9208006588,0.288223344,0.8502217528,0.8304073128,0.92220608,0.280404953,0.8092375797,0.7843031214,0.9232568023,0.2701694177,0.7554893113,0.7238224459,0.9244104188,0.2472544047,0.6350194616,0.5882361424
1.335225376,0.9162009057,0.3083040895,0.8619856419,0.842641013,0.9171668215,0.304776613,0.844766667,0.8231772773,0.9187099994,0.2961453547,0.8025329623,0.7754170213,0.9198623772,0.2848436053,0.7471265495,0.7127387224,0.9211262289,0.2595385339,0.6229115041,0.5721887131
1.35475793,0.9125857968,0.3250944462,0.8572704407,0.8362994814,0.9136406411,0.321226015,0.8395834126,0.816206271,0.9153241777,0.3117582914,0.7961818566,0.7668753925,0.9165799269,0.2993589862,0.7392229337,0.7021091453,0.9179556655,0.2715930264,0.6114973683,0.5568378824
1.374290484,0.909072016,0.3417949034,0.8527781459,0.8301699877,0.9102173805,0.3375766846,0.8346543232,0.8094808093,0.9120435415,0.3272504297,0.7901601747,0.7586591794,0.9134041249,0.3137242075,0.7317460824,0.6919074704,0.9148931235,0.2834309308,0.6007262825,0.5421414828
1.393823038,0.9056552911,0.358409678,0.8484949209,0.8242420907,0.9068925769,0.3538334254,0.8299631369,0.8029883158,0.9088633211,0.342627985,0.7844458222,0.7507506744,0.9103299709,0.3279473115,0.7246663744,0.6821093764,0.9119333497,0.2950643483,0.5905519435,0.5280605559
1.413355593,0.9023315892,0.3749427273,0.8444079851,0.8185060209,0.9036620224,0.3700007357,0.8254948652,0.7967170487,0.9057790277,0.3578967593,0.7790185059,0.7431334027,0.9073527667,0.3420357866,0.7179566755,0.6726922961,0.9090714172,0.3065045158,0.5809320611,0.5145590617
1.432888147,0.8990971001,0.3913977684,0.8405055188,0.8129526269,0.9005217459,0.3860828329,0.8212356759,0.7906560329,0.9027864337,0.3730621745,0.7738595617,0.7357920189,0.9044680938,0.3559966135,0.711592095,0.6636352649,0.9063027007,0.3177618798,0.5718279549,0.5016036188
1.452420701,0.8959482207,0.4077782963,0.8367765781,0.8075733281,0.8974679968,0.4020836744,0.8171727879,0.7847949991,0.8998815537,0.3881293022,0.7689518022,0.7287122134,0.9016717935,0.3698363068,0.7055497695,0.6549187842,0.903622854,0.3288461637,0.5632041965,0.4891632702
1.471953255,0.8928815413,0.4240875999,0.8332110181,0.8023600707,0.89449723,0.4180069775,0.8132943774,0.7791243289,0.897060628,0.403102892,0.7642793793,0.7218806284,0.8989599483,0.3835609527,0.6998086709,0.6465246986,0.9010277903,0.3397664282,0.5550282925,0.4772092739
1.49148581,0.8898938326,0.4403287774,0.8297994241,0.7973052886,0.8916060917,0.4338562372,0.8095894936,0.7736350042,0.8943201066,0.4179873959,0.7598276628,0.7152847809,0.8963288647,0.3971762433,0.6943494341,0.6384360846,0.8985136632,0.3505311253,0.5472704019,0.4657149132
1.511018364,0.8869820342,0.4565047498,0.8265330496,0.7924018665,0.888791407,0.4496347424,0.8060479826,0.7683185615,0.891656635,0.4327869909,0.7555831299,0.7089129939,0.893775058,0.4106875073,0.6891542037,0.6306371502,0.8960768498,0.3611481483,0.5399030844,0.4546553269
1.530550918,0.8841432429,0.4726182731,0.82340376,0.7876431078,0.8860501677,0.4653455913,0.8026604194,0.7631670507,0.8890670412,0.4475056001,0.751533268,0.7027543333,0.8912952377,0.4240997383,0.6842064971,0.6231131441,0.893713935,0.3716248759,0.5329010759,0.4440073551
1.550083472,0.8813747037,0.4886719501,0.8204039822,0.7830227035,0.8833795222,0.480991704,0.7994180459,0.7581729965,0.8865483235,0.4621469114,0.7476664854,0.6967985505,0.8888862947,0.4374176205,0.6794910805,0.6158502731,0.891421697,0.3819682131,0.526241088,0.4337494
1.569616027,0.8786737993,0.5046682409,0.817526659,0.7785347054,0.8807767645,0.4965758361,0.7963127156,0.7533293646,0.884097639,0.4767143943,0.7439720323,0.691036031,0.8865452885,0.4506455516,0.6749938589,0.6088356273,0.8891970946,0.3921846277,0.5199016279,0.4238612998
1.589148581,0.8760380425,0.5206094721,0.8147652071,0.7741735005,0.8782393259,0.5121005894,0.7933368432,0.7486295292,0.8817122937,0.4912113164,0.7404399291,0.6854577462,0.8842694369,0.4637876643,0.6707017765,0.6020571121,0.8870372544,0.4022801839,0.5138628372,0.4143242146
1.608681135,0.8734650676,0.5364978464,0.8121134796,0.7699337878,0.8757647658,0.5275684227,0.7904833588,0.7440672443,0.879389733,0.505640757,0.7370609014,0.6800552106,0.8820561048,0.4768478459,0.666602727,0.5955033858,0.8849394598,0.4122605729,0.5081063472,0.4051205225
1.628213689,0.8709526232,0.5523354502,0.8095657319,0.765810557,0.873350764,0.5429816614,0.787745667,0.7396366173,0.8771275322,0.5200056209,0.7338263218,0.674820442,0.8799027957,0.4898297556,0.6626854731,0.5891638036,0.8829011408,0.4221311405,0.5026151488,0.3962337253
1.647746244,0.8684985653,0.5681242615,0.8071165906,0.7617990689,0.8709951134,0.5583425064,0.7851176088,0.7353320844,0.8749233894,0.53430865,0.7307281567,0.6697459254,0.8778071417,0.5027368413,0.6589395733,0.5830283654,0.8809198644,0.4318969126,0.4973734748,0.3876483623
1.667278798,0.866100851,0.5838661566,0.8047610248,0.7578948375,0.8686957132,0.5736530423,0.7825934282,0.731148388,0.872775117,0.5485524349,0.7277589185,0.6648245799,0.8757668964,0.5155723538,0.6553553159,0.5770876695,0.8789933256,0.4415626184,0.4923666947,0.3793499325
1.686811352,0.8637575326,0.5995629168,0.8024943205,0.7540936131,0.8664505625,0.5889152448,0.7801677405,0.7270805565,0.8706806353,0.5627394249,0.7249116217,0.660049728,0.8737799268,0.5283393612,0.6519236595,0.5713328684,0.8771193394,0.4511327116,0.4875812184,0.3713248226
1.706343907,0.861466752,0.615216234,0.8003120568,0.7503913675,0.8642577543,0.6041309881,0.7778355041,0.7231238847,0.8686379657,0.5768719375,0.7221797439,0.655415068,0.8718442064,0.5410407609,0.6486361788,0.5657556303,0.8752958333,0.46061139,0.4830044103,0.3635602422
1.725876461,0.8592267354,0.6308277168,0.7982100847,0.7467842791,0.8621154704,0.6193020508,0.7755919952,0.7192739169,0.8666452247,0.5909521667,0.7195571891,0.6509146482,0.8699578089,0.5536792914,0.6454850151,0.560348102,0.87352084,0.4700026132,0.4786245108,0.3560441636
1.745409015,0.857035789,0.646398895,0.7961845066,0.7432687205,0.860021976,0.6344301223,0.7734327835,0.7155264305,0.8647006184,0.6049821917,0.7170382553,0.6465428432,0.8681189019,0.5662575428,0.6424628321,0.5551028763,0.8717924913,0.479310119,0.4744305656,0.3487652672
1.764941569,0.8548922942,0.6619312245,0.7942316589,0.739841246,0.857975615,0.6495168082,0.7713537109,0.7118774208,0.8628024373,0.6189639838,0.7146176043,0.6422943322,0.8663257415,0.5787779667,0.6395627749,0.5500129608,0.8701090116,0.4885374388,0.4704123609,0.3417128917
1.784474124,0.8527947033,0.677426092,0.7923480951,0.7364985805,0.8559748057,0.664563635,0.7693508718,0.7083230876,0.8609490511,0.6328994132,0.7122902348,0.6381640792,0.8645766671,0.5912428853,0.6367784328,0.5450717505,0.8684687129,0.497687911,0.4665603651,0.3348769876
1.804006678,0.8507415361,0.6928848187,0.7905305703,0.7332376092,0.8540180364,0.6795720558,0.767420595,0.7048598222,0.8591389047,0.6467902559,0.710051457,0.6341473141,0.8628700961,0.6036544995,0.6341038061,0.5402730011,0.866869989,0.5067646942,0.4628656753,0.328248075
1.823539232,0.8487313759,0.7083086645,0.7887760278,0.7300553675,0.852103862,0.6945434538,0.765559427,0.7014841958,0.8573705135,0.6606381986,0.7078968698,0.6302395157,0.8612045203,0.6160148969,0.6315332745,0.5356108055,0.865311311,0.5157707787,0.4593199691,0.3218172049
1.843071786,0.8467628659,0.7236988311,0.7870815855,0.7269490327,0.8502309,0.7094791467,0.7637641167,0.6981929482,0.8556424596,0.6744448451,0.7058223401,0.6264363961,0.8595785008,0.6283260588,0.6290615695,0.5310795719,0.8637912228,0.5247089978,0.4559154599,0.3155759233
1.862604341,0.8448347068,0.7390564656,0.7854445247,0.7239159153,0.8483978273,0.7243803907,0.7620316013,0.6949829776,0.8539533884,0.6882117208,0.7038239835,0.6227338858,0.8579906645,0.6405898666,0.6266837483,0.5266740031,0.8623083368,0.5335820374,0.452644857,0.309516238
1.882136895,0.8429456529,0.7543826635,0.7838622784,0.7209534512,0.8466033769,0.7392483839,0.7603589938,0.6918513317,0.8523020046,0.7019402775,0.7018981464,0.6191281203,0.8564397004,0.6528081084,0.6243951699,0.5223890778,0.8608613297,0.5423924455,0.4495013281,0.3036305883
1.901669449,0.84109451,0.7696784717,0.7823324221,0.7180591945,0.8448463351,0.7540842696,0.7587435705,0.6887951982,0.8506870696,0.7156318978,0.7000413904,0.6156154274,0.854924356,0.6649824843,0.622191474,0.5182200333,0.8594489396,0.5511426411,0.4464784657,0.2979118169
1.921202003,0.8392801324,0.7849448907,0.7808526637,0.7152308111,0.8431255388,0.7688891393,0.7571827605,0.685811897,0.8491073978,0.729287899,0.6982504767,0.6121923157,0.8534434344,0.6771146118,0.6200685607,0.5141623493,0.8580699618,0.5598349216,0.4435702566,0.2923531439
1.940734558,0.8375014204,0.8001828777,0.7794208351,0.7124660718,0.8414398725,0.783664036,0.7556741353,0.6828988726,0.8475618545,0.7429095372,0.6965223531,0.6088554636,0.8519957909,0.6892060307,0.6180225722,0.5102117326,0.8567232459,0.5684714709,0.4407710526,0.2869481428
1.960267112,0.8357573184,0.8153933488,0.7780348846,0.7097628472,0.8397882664,0.7984099563,0.7542153996,0.6800536868,0.8460493526,0.7564980104,0.6948541408,0.6056017094,0.8505803307,0.7012582078,0.6160498762,0.5063641038,0.8554076932,0.5770543657,0.4380755451,0.2816907179
1.979799666,0.8340468122,0.830577181,0.7766928689,0.7071191016,0.8381696938,0.8131278531,0.7528043826,0.6772740123,0.8445688506,0.770054462,0.6932431231,0.6024280417,0.8491960056,0.7132725408,0.6141470501,0.5026155839,0.854122253,0.5855855822,0.4354787413,0.2765750844
1.99933222,0.8323689274,0.8457352141,0.775392947,0.7045328882,0.8365831687,0.8278186384,0.7514390302,0.6745576262,0.8431193499,0.7835799838,0.6916867345,0.5993315908,0.8478418122,0.7252503628,0.6123108671,0.4989624827,0.8528659212,0.594067002,0.4329759415,0.2715957485
2.018864775,0.8307227272,0.8608682533,0.7741333729,0.7020023442,0.8350277444,0.842483185,0.750117397,0.6719024047,0.8416998931,0.7970756192,0.6901825507,0.5963096204,0.8465167892,0.7371929453,0.6105382828,0.4954012874,0.8516377366,0.6025004175,0.4305627195,0.26674749
2.038397329,0.8291073105,0.8759770702,0.7729124907,0.6995256864,0.8335025111,0.8571223286,0.7488376403,0.6693063171,0.8403095611,0.810542365,0.6887282796,0.5933595205,0.8452200154,0.7491015024,0.6088264232,0.4919286523,0.8504367795,0.6108875374,0.4282349035,0.262025346
2.057929883,0.8275218107,0.8910624052,0.7717287285,0.6971012069,0.8320065942,0.8717368699,0.7475980129,0.6667674214,0.8389474722,0.823981175,0.6873217529,0.5904787997,0.8439506074,0.7609771933,0.6071725731,0.4885413892,0.8492621692,0.6192299909,0.4259885593,0.2574245952
2.077462437,0.8259653934,0.9061249687,0.7705805935,0.6947272693,0.8305391527,0.8863275765,0.7463968578,0.6642838589,0.8376127795,0.8373929613,0.6859609178,0.587665079,0.842707718,0.7728211258,0.6055741665,0.4852364582,0.8481130621,0.6275293329,0.4238199742,0.2529407438
2.096994992,0.8244372554,0.9211654425,0.7694666672,0.6924023049,0.8290993776,0.9008951844,0.7452326024,0.6618538504,0.8363046693,0.8507785975,0.6846438301,0.5849160853,0.8414905343,0.784634359,0.6040287761,0.4820109594,0.8469886496,0.6357870476,0.4217256423,0.2485695122
2.116527546,0.822936623,0.9361844815,0.7683856012,0.6901248094,0.8276864903,0.9154403995,0.7441037534,0.6594756916,0.83502236,0.8641389197,0.6833686472,0.5822296461,0.8402982758,0.7964179057,0.6025341052,0.4788621254,0.8458881564,0.6440045527,0.4197022511,0.2443068227
2.1360601,0.8214627508,0.9511827149,0.7673361129,0.6878933392,0.8262997412,0.9299638996,0.7430088923,0.6571477494,0.8337650999,0.8774747293,0.6821336219,0.5796036835,0.8391301931,0.8081727352,0.6010879789,0.4757873133,0.8448108389,0.652183203,0.4177466687,0.2401487878
2.155592654,0.8200149203,0.9661607476,0.7663169817,0.685706509,0.8249384086,0.944466335,0.7419466707,0.6548684583,0.8325321662,0.8907867943,0.6809370968,0.5770362097,0.8379855662,0.8198997754,0.5996883368,0.4727839982,0.8437559838,0.6603242938,0.4158559325,0.2360916996
2.175125209,0.8185924387,0.9811191611,0.7653270455,0.6835629885,0.8236017968,0.9589483309,0.7409158062,0.6526363166,0.8313228634,0.9040758512,0.6797774983,0.5745253216,0.8368637031,0.8315999151,0.5983332255,0.469849767,0.842722906,0.6684290641,0.4140272385,0.2321320195
2.194657763,0.8171946377,0.9960585146,0.7643651974,0.6814614996,0.8222892357,0.9734104876,0.7399150787,0.6504498838,0.8301365223,0.9173426067,0.6786533322,0.5720691971,0.8357639386,0.8432740057,0.5970207928,0.4669823119,0.8417109479,0.6764986995,0.412257931,0.2282663691
2.214190317,0.8158208727,1.010979346,0.7634303824,0.6794008141,0.8210000791,0.9878533824,0.7389433269,0.6483077769,0.8289724985,0.9305877388,0.6775631785,0.5696660903,0.8346856328,0.8549228636,0.5957492807,0.4641794253,0.8407194776,0.6845343351,0.4105454935,0.2244915213
2.233722871,0.8144705214,1.025882175,0.7625215948,0.6773797514,0.8197337038,1.00227757,0.7379994445,0.6462086681,0.8278301713,0.9438118985,0.6765056873,0.567314328,0.8336281701,0.8665472715,0.5945170201,0.4614389939,0.839747888,0.6925370584,0.4088875401,0.2208043917
2.253255426,0.813142983,1.040767498,0.761637875,0.6753971759,0.8184895088,1.016683585,0.7370823778,0.6441512816,0.8267089428,0.9570157111,0.6754795748,0.5650123057,0.832590958,0.8781479807,0.5933224258,0.4587589944,0.8387955953,0.7005079113,0.4072818077,0.2172020317
2.27278798,0.8118376773,1.055635798,0.7607783077,0.6734519949,0.8172669139,1.031071941,0.736191122,0.6421343916,0.8256082367,0.9701997777,0.674483619,0.5627584842,0.8315734261,0.8897257119,0.5921639907,0.4561374884,0.8378620381,0.7084478924,0.4057261482,0.2136816204
2.292320534,0.8105540437,1.070487537,0.7599420187,0.671543157,0.816065359,1.045443133,0.735324719,0.6401568195,0.8245274976,0.9833646757,0.6735166567,0.5605513866,0.830575025,0.9012811573,0.5910402823,0.4535726184,0.8369466762,0.71635796,0.4042185221,0.2102404586
2.311853088,0.8092915406,1.085323162,0.7591281731,0.6696696497,0.8148843034,1.059797637,0.7344822547,0.6382174317,0.8234661896,0.9965109605,0.6725775799,0.5583895949,0.8295952252,0.9128149818,0.5899499375,0.4510626033,0.83604899,0.724239033,0.4027569915,0.2068759618
2.331385643,0.8080496444,1.100143103,0.7583359732,0.6678304977,0.8137232248,1.074135912,0.7336628564,0.6363151377,0.8224237959,1.009639166,0.6716653328,0.5562717472,0.8286335168,0.9243278244,0.5888916591,0.4486057348,0.8351684789,0.7320919937,0.4013397145,0.2035856546
2.350918197,0.8068278487,1.114947775,0.7575646565,0.6660247616,0.8125816184,1.088458401,0.732865691,0.6344488879,0.8213998176,1.022749808,0.6707789088,0.5541965352,0.8276894078,0.9358202991,0.5878642118,0.4462003736,0.8343046611,0.7399176892,0.3999649395,0.2003671652
2.370450751,0.8056256637,1.129737579,0.7568134939,0.6642515358,0.8114589966,1.10276553,0.7320899625,0.6326176719,0.8203937734,1.035843379,0.6699173478,0.5521627013,0.826762424,0.9472929967,0.5868664187,0.4438449464,0.8334570722,0.7477169333,0.3986309999,0.1972182199
2.389983306,0.8044426158,1.144512903,0.7560817876,0.6625099471,0.8103548876,1.117057709,0.73133491,0.6308205162,0.8194051984,1.048920358,0.6690797338,0.5501690362,0.8258521077,0.9587464852,0.5858971584,0.4415379422,0.8326252649,0.755490508,0.3973363093,0.194136638
2.40951586,0.8032782463,1.159274119,0.7553688699,0.6607991534,0.8092688355,1.131335337,0.7305998063,0.6290564832,0.8184336434,1.061981202,0.6682651921,0.5482143771,0.8249580176,0.9701813116,0.5849553615,0.4392779093,0.8318088078,0.763239165,0.3960793571,0.1911203276
2.429048414,0.8021321113,1.174021588,0.7546741018,0.6591183424,0.8082003992,1.145598796,0.7298839556,0.6273246692,0.8174786747,1.075026355,0.6674728878,0.5462976049,0.8240797273,0.9815980021,0.5840400079,0.4370634528,0.831007285,0.7709636274,0.3948587039,0.188167281
2.448580968,0.801003781,1.188755659,0.753996871,0.6574667299,0.8071491517,1.159848454,0.7291866923,0.6256242029,0.8165398729,1.088056242,0.6667020229,0.5444176426,0.8232168254,0.9929970637,0.583150124,0.4348932317,0.8302202955,0.7786645905,0.3936729777,0.1852755705
2.468113523,0.7998928392,1.203476668,0.7533365908,0.655843559,0.8061146799,1.17408467,0.7285073791,0.623954244,0.8156168329,1.101071276,0.6659518349,0.542573453,0.8223689144,1.004378985,0.5822847806,0.4327659562,0.8294474519,0.7863427238,0.3925208705,0.1824433445
2.487646077,0.7987988824,1.218184941,0.752692699,0.6542480987,0.805096584,1.188307787,0.727845406,0.6223139819,0.8147091625,1.114071853,0.6652215946,0.5407640372,0.8215356103,1.015744236,0.5814430899,0.4306803857,0.8286883809,0.7939986717,0.3914011341,0.1796688241
2.507178631,0.79772152,1.232880793,0.7520646565,0.652679643,0.8040944765,1.202518139,0.7272001884,0.6207026343,0.8138164828,1.127058355,0.6645106047,0.538988433,0.820716542,1.027093271,0.5806242038,0.4286353259,0.8279427215,0.8016330546,0.3903125775,0.1769502991
2.526711185,0.7966603729,1.247564528,0.7514519462,0.6511375096,0.8031079823,1.216716047,0.7265711662,0.6191194461,0.8129384269,1.140031153,0.6638181977,0.5372457125,0.8199113508,1.038426526,0.5798273116,0.4266296273,0.8272101256,0.8092464705,0.3892540634,0.1742861254
2.54624374,0.795615074,1.262236441,0.7508540721,0.649621039,0.802136738,1.230901822,0.7259578026,0.617563688,0.8120746399,1.152990602,0.6631437349,0.5355349816,0.8191196898,1.049744426,0.5790516381,0.4246621828,0.8264902565,0.8168394953,0.3882245055,0.1716747213
2.565776294,0.794585267,1.276896817,0.7502705578,0.6481295937,0.8011803913,1.245075765,0.7253595825,0.6160346559,0.8112247781,1.165937047,0.6624866047,0.5338553778,0.8183412236,1.061047375,0.5782964417,0.422731926,0.8257827891,0.8244126847,0.3872228659,0.1691145652
2.585308848,0.7935706065,1.291545933,0.7497009462,0.6466625571,0.8002386006,1.259238168,0.7247760122,0.6145316692,0.8103885089,1.178870822,0.6618462209,0.5322060689,0.8175756276,1.072335768,0.5775610127,0.420837829,0.8250874091,0.8319665739,0.3862481524,0.1666041921
2.604841402,0.792570757,1.306184054,0.7491447981,0.6452193326,0.7993110351,1.273389311,0.7242066177,0.6130540702,0.80956551,1.191792247,0.6612220221,0.530586252,0.8168225877,1.083609983,0.5768446719,0.4189789012,0.8244038125,0.8395016798,0.3852994162,0.1641421918
2.624373957,0.7915853934,1.32081144,0.7486016917,0.6437993432,0.7983973735,1.287529468,0.7236509439,0.6116012233,0.8087554693,1.204701634,0.6606134699,0.5289951519,0.8160817998,1.094870387,0.5761467685,0.4171541872,0.8237317057,0.8470185006,0.3843757494,0.1617272057
2.643906511,0.7906141998,1.335428342,0.7480712213,0.6424020302,0.7974973044,1.3016589,0.723108554,0.6101725135,0.8079580842,1.217599283,0.6600200483,0.5274320203,0.8153529698,1.106117335,0.5754666793,0.4153627654,0.8230708042,0.8545175177,0.3834762835,0.159357925
2.663439065,0.7896568696,1.350035003,0.7475529973,0.6410268528,0.7966105257,1.315777865,0.7225790284,0.6087673463,0.8071730617,1.230485484,0.659441262,0.5258961342,0.8146358124,1.117351168,0.574803807,0.4136037468,0.822420833,0.8619991954,0.3826001867,0.1570330883
2.682971619,0.788713105,1.364631659,0.7470466446,0.6396732871,0.795736744,1.32988661,0.7220619637,0.6073851463,0.8064001174,1.243360519,0.6588766358,0.5243867952,0.8139300517,1.128572216,0.574157579,0.4118762732,0.8217815258,0.8694639825,0.3817466626,0.1547514792
2.702504174,0.7877826168,1.379218537,0.7465518027,0.638340826,0.7948756746,1.343985373,0.7215569725,0.6060253566,0.8056389759,1.256224661,0.6583257137,0.5229033283,0.8132354199,1.139780801,0.5735274461,0.4101795161,0.8211526251,0.8769123122,0.3809149482,0.152511925
2.722036728,0.7868651239,1.393795859,0.7460681245,0.6370289778,0.7940270411,1.358074387,0.721063682,0.6046874382,0.8048893697,1.269078171,0.6577880576,0.5214450809,0.8125516579,1.15097723,0.5729128814,0.4085126755,0.8205338811,0.8843446035,0.380104312,0.1503132941
2.741569282,0.7859603534,1.408363839,0.745595276,0.6357372662,0.7931905751,1.372153878,0.720581734,0.6033708693,0.8041510395,1.281921306,0.657263247,0.5200114221,0.8118785143,1.162161802,0.5723133795,0.4068749785,0.8199250523,0.8917612611,0.3793140529,0.1481544947
2.761101836,0.7850680397,1.422922687,0.7451329356,0.6344652294,0.7923660158,1.386224063,0.7201107835,0.6020751442,0.8034237338,1.294754312,0.6567508775,0.5186017417,0.8112157453,1.173334809,0.571728455,0.4052656782,0.8193259043,0.8991626764,0.3785434986,0.1460344728
2.780634391,0.7841879249,1.437472605,0.7446807935,0.6332124197,0.7915531099,1.400285153,0.7196504989,0.6007997734,0.8027072083,1.307577429,0.6562505607,0.5172154492,0.8105631146,1.184496529,0.5711576418,0.4036840528,0.8187362104,0.906549228,0.377792004,0.1439522109
2.800166945,0.783319758,1.452013788,0.7442385514,0.6319784027,0.7907516112,1.414337355,0.7192005607,0.5995442822,0.8020012258,1.320390888,0.6557619231,0.5158519734,0.809920393,1.195647233,0.5706004924,0.4021294046,0.8181557505,0.9139212821,0.37705895,0.1419067261
2.819699499,0.782463295,1.466546427,0.7438059216,0.6307627574,0.7899612805,1.428380866,0.7187606615,0.5983082106,0.8013055563,1.333194913,0.6552846056,0.514510761,0.809287358,1.206787185,0.5700565765,0.4006010586,0.8175843115,0.921279193,0.3763437424,0.1398970689
2.839232053,0.7816182987,1.481070708,0.743382627,0.6295650749,0.7891818851,1.442415881,0.7183305049,0.5970911129,0.800619976,1.345989723,0.6548182625,0.5131912767,0.8086637936,1.217916638,0.5695254809,0.399098362,0.8170216865,0.9286233037,0.3756458103,0.1379223218
2.858764608,0.7807845379,1.495586809,0.7429684004,0.6283849586,0.7884131988,1.456442587,0.7179098056,0.5958925565,0.7999442679,1.358775529,0.6543625613,0.5118930018,0.8080494904,1.22903584,0.5690068078,0.3976206833,0.816467675,0.9359539462,0.3749646057,0.1359815978
2.878297162,0.779961788,1.510094906,0.7425629841,0.6272220235,0.7876550017,1.470461166,0.7174982886,0.5947121221,0.7992782209,1.371552535,0.6539171819,0.510615434,0.8074442449,1.24014503,0.5685001751,0.3961674111,0.8159220824,0.9432714422,0.3742996018,0.1340740394
2.897829716,0.7791498303,1.524595168,0.7421661294,0.6260758957,0.7869070798,1.484471794,0.7170956889,0.5935494029,0.7986216299,1.38432094,0.6534818163,0.5093580866,0.8068478594,1.251244437,0.5680052151,0.3947379537,0.81538472,0.950576103,0.3736502922,0.1321988172
2.91736227,0.7783484518,1.539087761,0.7417775964,0.6249462121,0.7861692249,1.498474643,0.7167017508,0.5924040039,0.7979742957,1.397080936,0.6530561677,0.5081204877,0.8062601421,1.262334289,0.5675215737,0.3933317381,0.8148554045,0.9578682304,0.3730161901,0.130355129
2.936894825,0.7775574452,1.553572843,0.7413971536,0.6238326201,0.7854412345,1.51246988,0.7163162278,0.591275542,0.7973360244,1.409832711,0.65263995,0.5069021802,0.8056809066,1.273414801,0.5670489103,0.3919482094,0.814333958,0.9651481169,0.3723968274,0.1285421983
2.956427379,0.7767766085,1.568050572,0.7410245775,0.6227347771,0.7847229114,1.526457667,0.7159388821,0.5901636452,0.7967066277,1.422576446,0.6522328878,0.5057027207,0.8051099716,1.284486185,0.5665868971,0.3905868299,0.8138202078,0.9724160459,0.3717917537,0.1267592738
2.975959933,0.7760057452,1.582521099,0.7406596521,0.62165235,0.7840140637,1.540438162,0.7155694842,0.5890679523,0.7960859224,1.435312318,0.6518347156,0.504521679,0.8045471612,1.295548647,0.5661352179,0.3892470786,0.8133139862,0.9796722923,0.3712005354,0.1250056281
2.995492487,0.7752446635,1.59698457,0.740302169,0.6205850154,0.7833145044,1.554411517,0.7152078126,0.5879881123,0.79547373,1.448040496,0.6514451773,0.503358638,0.8039923041,1.306602384,0.5656935686,0.3879284507,0.8128151303,0.9869171226,0.3706227553,0.1232805567
3.015025042,0.7744931769,1.61144113,0.7399519268,0.6195324585,0.7826240517,1.568377882,0.7148536535,0.5869237846,0.7948698774,1.460761149,0.6510640259,0.5022131931,0.803445234,1.317647591,0.5652616558,0.3866304567,0.8123234816,0.9941507953,0.3700580119,0.1215833773
3.034557596,0.7737511033,1.625890919,0.7396087308,0.6184943735,0.7819425283,1.5823374,0.7145068003,0.585874638,0.7942741956,1.473474436,0.6506910234,0.5010849515,0.802905789,1.328684454,0.5648391969,0.3853526218,0.8118388864,1.001373561,0.369505918,0.1199134289
3.05409015,0.7730182655,1.64033407,0.7392723929,0.6174704629,0.7812697615,1.596290214,0.7141670537,0.5848403507,0.7936865205,1.486180516,0.6503259399,0.4999735318,0.8023738118,1.339713155,0.5644259194,0.3840944859,0.8113611952,1.008585664,0.3689661011,0.118270071
3.073622705,0.7722944906,1.654770718,0.7389427311,0.6164604372,0.7806055831,1.610236459,0.713834221,0.58382061,0.7931066922,1.49887954,0.6499685536,0.4988785638,0.8018491493,1.350733871,0.5640215603,0.3828556022,0.8108902627,1.01578734,0.3684382018,0.1166526826
3.093155259,0.77157961,1.669200991,0.7386195696,0.615464015,0.7799498292,1.624176269,0.7135081158,0.5828151117,0.7925345549,1.511571657,0.6496186505,0.4977996882,0.8013316524,1.361746775,0.5636258663,0.3816355375,0.8104259474,1.022978818,0.3679218741,0.1150606618
3.112687813,0.7708734594,1.683625013,0.7383027382,0.6144809223,0.77930234,1.638109773,0.7131885582,0.5818235602,0.7919699572,1.52425701,0.6492760236,0.4967365558,0.8008211762,1.372752032,0.5632385927,0.3804338712,0.8099681119,1.030160321,0.367416784,0.113493425
3.132220367,0.7701758784,1.698042908,0.7379920724,0.6135108924,0.7786629597,1.652037099,0.7128753743,0.5808456679,0.7914127513,1.536935741,0.6489404735,0.4956888273,0.8003175795,1.383749805,0.5628595033,0.3792501952,0.8095166226,1.037332065,0.3669226097,0.111950406
3.151752922,0.7694867107,1.712454793,0.7376874128,0.6125536658,0.7780315365,1.665958368,0.7125683956,0.579881155,0.7908627935,1.549607985,0.6486118072,0.4946561732,0.7998207251,1.394740251,0.5624883702,0.3780841129,0.8090713494,1.044494261,0.3664390406,0.1104310555
3.171285476,0.7688058037,1.726860784,0.7373886053,0.6116089897,0.7774079223,1.6798737,0.7122674595,0.5789297494,0.7903199437,1.562273875,0.6482898383,0.4936382732,0.7993304791,1.405723524,0.5621249735,0.3769352396,0.8086321657,1.051647113,0.3659657772,0.1089348406
3.19081803,0.7681330085,1.741260996,0.7370955008,0.610676618,0.7767919727,1.693783212,0.7119724085,0.5779911863,0.7897840652,1.57493354,0.6479743867,0.4926348158,0.7988467113,1.416699773,0.5617691005,0.3758032013,0.8081989484,1.058790819,0.3655025302,0.1074612441
3.210350584,0.7674681797,1.755655536,0.7368079545,0.609756311,0.7761835468,1.707687017,0.7116830902,0.5770652078,0.789255025,1.587587106,0.6476652783,0.4916454983,0.7983692948,1.427669143,0.561420546,0.3746876349,0.8077715775,1.065925573,0.3650490206,0.1060097637
3.229883139,0.7668111756,1.770044514,0.7365258268,0.6088478353,0.7755825073,1.721585225,0.7113993571,0.5761515631,0.7887326935,1.600234695,0.6473623446,0.4906700263,0.797898106,1.438631774,0.5610791115,0.3735881872,0.8073499364,1.073051561,0.3646049786,0.104579912
3.249415693,0.7661618577,1.784428032,0.7362489818,0.6079509634,0.7749887199,1.735477945,0.7111210664,0.5752500077,0.788216944,1.612876426,0.6470654228,0.4897081135,0.7974330244,1.449587804,0.5607446052,0.3725045154,0.8069339113,1.080168966,0.3641701441,0.1031712155
3.268948247,0.7655200907,1.798806194,0.7359772885,0.6070654735,0.7744020539,1.749365281,0.71084808,0.5743603038,0.7877076534,1.625512414,0.6467743554,0.4887594814,0.7969739327,1.460537367,0.5604168419,0.3714362859,0.8065233916,1.087277965,0.3637442656,0.1017832143
3.288480801,0.7648857427,1.813179097,0.7357106193,0.6061911495,0.7738223815,1.763247336,0.7105802639,0.5734822196,0.7872047013,1.638142773,0.64648899,0.4878238589,0.7965207165,1.471480592,0.5600956423,0.3703831746,0.8061182696,1.094378732,0.3633271,0.1004154614
3.308013356,0.7642586847,1.827546841,0.735448851,0.6053277809,0.773249578,1.777124209,0.7103174884,0.5726155293,0.7867079705,1.650767613,0.6462091791,0.4869009822,0.7960732643,1.482417606,0.559780833,0.3693448661,0.80571844,1.101471433,0.3629184126,0.09906752279
3.32754591,0.7636387908,1.841909518,0.735191864,0.6044751624,0.7726835218,1.790995998,0.710059628,0.5717600131,0.7862173465,1.66338704,0.6459347799,0.4859905947,0.7956314674,1.493348531,0.5594722464,0.3683210538,0.8053238006,1.108556233,0.3625179762,0.09773897635
3.347078464,0.7630259379,1.856267221,0.7349395423,0.6036330936,0.7721240939,1.804862797,0.7098065608,0.5709154565,0.7857327176,1.676001159,0.6456656541,0.4850924464,0.7951952197,1.504273489,0.5591697203,0.3673114393,0.8049342517,1.115633289,0.3621255714,0.09642941187
3.366611018,0.7624200058,1.87062004,0.7346917735,0.6028013793,0.7715711783,1.818724699,0.7095581688,0.5700816507,0.7852539749,1.688610072,0.6454016679,0.4842062941,0.7947644179,1.515192596,0.5588730975,0.3663157324,0.8045496959,1.122702758,0.3617409858,0.09513843046
3.386143573,0.7618208769,1.884968064,0.7344484483,0.601979829,0.7710246615,1.832581793,0.7093143377,0.5692583921,0.7847810122,1.701213878,0.6451426917,0.4833319006,0.7943389612,1.526105965,0.5585822263,0.3653336505,0.8041700387,1.12976479,0.3613640142,0.09386564422
3.405676127,0.7612284365,1.899311377,0.7342094611,0.6011682569,0.7704844329,1.846434169,0.7090749564,0.568445482,0.7843137255,1.713812673,0.6448885998,0.4824690353,0.793918751,1.537013707,0.5582969594,0.3643649189,0.8037951874,1.136819531,0.3609944578,0.09261067586
3.425208681,0.7606425723,1.913650064,0.7339747091,0.6003664817,0.7699503842,1.860281912,0.7088399174,0.567642727,0.7838520136,1.726406552,0.6446392705,0.4816174733,0.7935036915,1.547915932,0.5580171544,0.3634092697,0.8034250521,1.143867124,0.3606321243,0.09137315834
3.444741235,0.7600631746,1.927984206,0.7337440926,0.5995743264,0.7694224098,1.874125105,0.7086091164,0.5668499382,0.7833957775,1.738995607,0.644394586,0.4807769954,0.793093689,1.558812743,0.5577426732,0.3624664424,0.8030595449,1.15090771,0.3602768276,0.09015273452
3.46427379,0.7594901361,1.942313882,0.7335175148,0.5987916183,0.7689004061,1.887963831,0.7083824522,0.5660669314,0.7829449206,1.751579926,0.6441544318,0.4799473883,0.7926886519,1.569704244,0.5574733823,0.3615361831,0.8026985799,1.157941422,0.3599283876,0.08894905684
3.483806344,0.7589233519,1.956639172,0.7332948818,0.5980181888,0.7683842724,1.901798169,0.7081598264,0.565293527,0.7824993485,1.764159598,0.6439186972,0.4791284439,0.7922884912,1.580590534,0.557209152,0.3606182447,0.8023420736,1.164968395,0.3595866297,0.08776178701
3.503338898,0.7583627193,1.970960152,0.7330761025,0.5972538734,0.7678739098,1.915628197,0.7079411438,0.5645295498,0.7820589692,1.776734708,0.6436872746,0.4783199593,0.7918931196,1.591471712,0.5569498569,0.3597123864,0.8019899445,1.171988756,0.359251385,0.08659059571
3.522871452,0.757808138,1.985276895,0.7328610881,0.5964985114,0.7673692218,1.929453991,0.7077263118,0.5637748286,0.7816236924,1.789305339,0.6434600599,0.4775217368,0.791502452,1.602347872,0.5566953753,0.3588183735,0.8016421127,1.17900263,0.3589224897,0.08543516225
3.542404007,0.7572595099,1.999589474,0.7326497527,0.5957519458,0.766870114,1.943275627,0.7075152406,0.5630291965,0.7811934304,1.801871572,0.6432369519,0.4767335836,0.7911164054,1.613219107,0.5564455892,0.3579359773,0.8012985007,1.186010142,0.3585997853,0.08429517436
3.561936561,0.7567167389,2.01389796,0.7324420126,0.5950140233,0.7663764942,1.957093175,0.7073078429,0.5622924905,0.780768097,1.814433486,0.6430178524,0.4759553116,0.7907348986,1.624085509,0.5562003843,0.357064975,0.8009590325,1.193011409,0.358283118,0.08317032788
3.581469115,0.756179731,2.028202423,0.7322377865,0.5942845942,0.7658882721,1.970906708,0.707104034,0.5615645515,0.7803476083,1.82699116,0.6428026664,0.4751867374,0.7903578524,1.634947165,0.5559596496,0.3562051495,0.8006236341,1.200006549,0.3579723388,0.08206032649
3.601001669,0.7556483942,2.042502931,0.7320369956,0.5935635122,0.7654053595,1.984716294,0.7069037317,0.5608452242,0.7799318821,1.839544667,0.6425913014,0.474427682,0.7899851893,1.645804161,0.5557232776,0.3553562888,0.800292233,1.206995675,0.3576673033,0.0809648815
3.620534224,0.7551226385,2.05679955,0.731839563,0.5928506343,0.7649276698,1.998522001,0.7067068559,0.5601343569,0.7795208382,1.852094083,0.6423836677,0.473677971,0.7896168337,1.656656583,0.5554911638,0.3545181865,0.7999647588,1.213978898,0.3573678715,0.07988371157
3.640066778,0.7546023759,2.071092344,0.7316454141,0.592145821,0.7644551187,2.012323895,0.7065133289,0.5594318014,0.779114398,1.864639479,0.6421796783,0.4729374338,0.7892527116,1.667504511,0.5552632069,0.3536906413,0.7996411424,1.220956325,0.3570739074,0.0788165425
3.659599332,0.75408752,2.085381378,0.7314544765,0.5914489355,0.7639876235,2.026122042,0.7063230754,0.558737413,0.7787124849,1.877180925,0.6419792485,0.4722059042,0.7888927508,1.678348027,0.5550393086,0.3528734565,0.7993213164,1.227928063,0.3567852794,0.07776310699
3.679131886,0.7535779865,2.099666713,0.7312666794,0.5907598445,0.7635251032,2.039916504,0.7061360218,0.5580510503,0.7783150237,1.88971849,0.6417822962,0.47148322,0.7885368806,1.689187208,0.5548193735,0.3520664407,0.799005215,1.234894215,0.3565018596,0.07672314447
3.698664441,0.7530736926,2.11394841,0.7310819543,0.5900784175,0.7630674787,2.053707343,0.7059520969,0.5573725751,0.777921941,1.902252242,0.6415887417,0.4707692226,0.7881850319,1.700022131,0.554603309,0.3512694068,0.7986927737,1.24185488,0.356223524,0.07569640082
3.718196995,0.7525745574,2.128226529,0.7309002345,0.5894045269,0.7626146724,2.067494619,0.7057712313,0.5567018524,0.7775331651,1.914782246,0.6413985075,0.4700637574,0.7878371373,1.710852871,0.554391025,0.3504821724,0.7983839299,1.248810158,0.3559501521,0.07468262824
3.737729549,0.7520805015,2.142501126,0.730721455,0.588738048,0.7621666084,2.081278392,0.7055933575,0.5560387502,0.7771486256,1.927308565,0.6412115182,0.4693666733,0.7874931308,1.7216795,0.5541824342,0.3497045594,0.798078622,1.255760143,0.3556816272,0.07368158502
3.757262104,0.7515914474,2.15677226,0.7305455524,0.5880788587,0.7617232125,2.095058719,0.7054184099,0.5553831396,0.7767682539,1.939831264,0.6410277005,0.4686778227,0.7871529478,1.732502091,0.5539774516,0.348936394,0.79777679,1.26270493,0.3554178358,0.07269303536
3.776794658,0.7511073188,2.171039986,0.7303724655,0.5874268398,0.7612844119,2.108835657,0.7052463248,0.5547348946,0.7763919827,1.952350402,0.6408469835,0.4679970615,0.7868165251,1.743320713,0.5537759949,0.3481775065,0.7974783751,1.26964461,0.3551586677,0.0717167492
3.796327212,0.7506280414,2.185304358,0.7302021342,0.5867818744,0.7608501353,2.122609262,0.7050770399,0.5540938917,0.7760197462,1.964866041,0.6406692979,0.4673242489,0.786483801,1.754135433,0.5535779839,0.3474277312,0.7971833199,1.276579271,0.3549040159,0.07075250204
3.815859766,0.7501535419,2.199565429,0.7300345003,0.5861438485,0.760420313,2.136379586,0.704910495,0.5534600105,0.7756514798,1.977378237,0.6404945764,0.4666592473,0.7861547151,1.764946319,0.5533833407,0.3466869064,0.7968915684,1.283509002,0.3546537766,0.06980007479
3.835392321,0.7496837489,2.213823252,0.729869507,0.5855126501,0.7599948766,2.150146684,0.7047466312,0.5528331331,0.7752871207,1.98988705,0.6403227536,0.4660019223,0.7858292082,1.775753435,0.5531919896,0.3459548741,0.7966030656,1.290433888,0.3544078487,0.06885925359
3.854924875,0.7492185922,2.228077878,0.7297070991,0.5848881699,0.7595737591,2.163910607,0.7045853912,0.5522131442,0.774926607,2.002392534,0.640153766,0.4653521426,0.7855072225,1.786556845,0.5530038571,0.3452314799,0.7963177579,1.297354011,0.3541661341,0.06792982966
3.874457429,0.748758003,2.242329356,0.7295472226,0.584270301,0.7591568951,2.177671405,0.7044267195,0.551599931,0.7745698784,2.014894744,0.6399875515,0.4647097796,0.7851887013,1.797356611,0.5528188716,0.344516573,0.7960355927,1.304269453,0.3539285376,0.06701159917
3.893989983,0.748301914,2.256577735,0.7293898253,0.5836589385,0.7587442201,2.19142913,0.7042705617,0.5509933831,0.7742168755,2.027393734,0.6398240501,0.4640747079,0.7848735894,1.808152794,0.5526369635,0.3438100062,0.7957565186,1.311180294,0.3536949665,0.06610436305
3.913522538,0.7478502592,2.270823064,0.7292348559,0.5830539798,0.7583356713,2.205183827,0.704116865,0.5503933927,0.7738675405,2.039889557,0.6396632031,0.4634468048,0.7845618324,1.818945453,0.5524580651,0.3431116356,0.7954804853,1.318086611,0.3534653306,0.06520792691
3.933055092,0.7474029736,2.285065389,0.7290822648,0.5824553246,0.7579311869,2.218935547,0.7039655779,0.5497998539,0.7735218166,2.052382264,0.6395049536,0.4628259502,0.7842533772,1.829734647,0.5522821107,0.3424213204,0.7952074438,1.32498848,0.3532395424,0.06432210088
3.952587646,0.7469599939,2.299304757,0.7289320034,0.5818628746,0.7575307063,2.232684335,0.7038166505,0.5492126635,0.7731796481,2.064871904,0.6393492459,0.4622120268,0.7839481718,1.840520433,0.5521090362,0.3417389231,0.7949373458,1.331885976,0.3530175168,0.06344669945
3.9721202,0.7465212577,2.313541212,0.7287840245,0.5812765334,0.7571341704,2.246430236,0.7036700339,0.5486317202,0.7728409807,2.077358528,0.6391960261,0.4616049198,0.7836461654,1.851302865,0.5519387793,0.3410643094,0.7946701442,1.338779172,0.3527991708,0.06258154141
3.991652755,0.746086704,2.327774799,0.728638282,0.5806962067,0.756741521,2.260173295,0.7035256805,0.548056925,0.772505761,2.089842182,0.6390452416,0.4610045169,0.783347308,1.862081999,0.5517712793,0.3403973479,0.7944057929,1.345668138,0.352584424,0.06172644965
4.011185309,0.7456562729,2.34200556,0.7284947309,0.5801218022,0.7563527011,2.273913557,0.703383544,0.547488181,0.7721739366,2.102322915,0.6388968412,0.4604107083,0.7830515509,1.872857888,0.5516064772,0.3397379101,0.7941442467,1.352552943,0.3523731979,0.06088125114
4.030717863,0.7452299056,2.356233538,0.7283533275,0.5795532295,0.7559676548,2.287651064,0.7032435793,0.546925393,0.7718454563,2.114800772,0.6387507749,0.4598233866,0.7827588462,1.883630583,0.5514443156,0.3390858704,0.7938854614,1.359433657,0.3521654162,0.0600457767
4.050250417,0.7448075445,2.370458775,0.7282140291,0.5789903998,0.7555863274,2.301385858,0.7031057423,0.5463684682,0.77152027,2.127275798,0.6386069942,0.4592424467,0.7824691471,1.894400136,0.5512847385,0.3384411059,0.7936293938,1.366310346,0.3519610048,0.05921986101
4.069782972,0.7443891331,2.384681312,0.7280767939,0.5784332263,0.755208665,2.31511798,0.7029699901,0.5458173156,0.7711983284,2.139748038,0.6384654517,0.4586677855,0.7821824077,1.905166598,0.5511276915,0.3378034963,0.7933760015,1.373183074,0.3517598914,0.0584033424
4.089315526,0.7439746157,2.398901187,0.7279415816,0.5778816239,0.754834615,2.32884747,0.702836281,0.5452718458,0.7708795832,2.152217534,0.6383261014,0.4580993025,0.781898583,1.915930016,0.5509731215,0.3371729243,0.7931252429,1.380051905,0.3515620056,0.05759606284
4.10884808,0.7435639381,2.413118442,0.7278083522,0.5773355093,0.7544641256,2.342574368,0.702704574,0.5447319716,0.7705639872,2.16468433,0.6381888982,0.457536899,0.7816176289,1.926690438,0.5508209768,0.3365492746,0.7928770773,1.386916902,0.351367279,0.05679786777
4.128380634,0.7431570468,2.427333112,0.7276770674,0.5767948007,0.7540971463,2.356298713,0.7025748296,0.5441976074,0.770251494,2.177148467,0.6380537984,0.4569804785,0.7813395023,1.937447912,0.5506712071,0.3359324348,0.792631465,1.393778126,0.351175645,0.05600860603
4.147913189,0.7427538893,2.441545238,0.7275476892,0.5762594179,0.7537336271,2.370020543,0.7024470088,0.5436686694,0.7699420582,2.189609985,0.6379207594,0.4564299466,0.7810641608,1.948202484,0.5505237634,0.3353222948,0.7923883668,1.400635636,0.3509870385,0.05522812978
4.167445743,0.7423544141,2.455754854,0.7274201809,0.5757292824,0.7533735194,2.383739894,0.7023210739,0.5431450753,0.7696356351,2.202068924,0.6377897394,0.4558852108,0.780791563,1.958954198,0.5503785978,0.3347187467,0.7921477446,1.407489492,0.3508013965,0.0544562944
4.186978297,0.7419585709,2.469961998,0.7272945067,0.5752043172,0.7530167751,2.397456804,0.7021969879,0.5426267447,0.7693321811,2.214525323,0.6376606979,0.4553461804,0.7805216681,1.969703098,0.5502356639,0.3341216851,0.7919095609,1.41433975,0.3506186572,0.0536929584
4.206510851,0.7415663098,2.484166704,0.7271706313,0.5746844469,0.7526633474,2.411171308,0.7020747148,0.5421135987,0.7690316533,2.22697922,0.6375335954,0.4548127669,0.7802544363,1.980449228,0.5500949163,0.3335310067,0.791673779,1.421186466,0.3504387607,0.05293798333
4.226043406,0.7411775823,2.498369009,0.7270485206,0.5741695973,0.75231319,2.42488344,0.7019542195,0.5416055599,0.7687340096,2.239430654,0.6374083933,0.4542848832,0.7799898285,1.99119263,0.5499563106,0.3329466103,0.7914403628,1.428029696,0.3502616485,0.05219123373
4.24557596,0.7407923406,2.512568945,0.7269281412,0.5736596959,0.7519662577,2.438593237,0.7018354677,0.5411025526,0.7684392088,2.251879661,0.637285054,0.4537624442,0.7797278063,2.001933345,0.5498198039,0.3323683971,0.7912092771,1.434869493,0.3500872636,0.051452577
4.265108514,0.7404105376,2.526766547,0.7268094605,0.5731546715,0.751622506,2.45230073,0.7017184259,0.5406045025,0.7681472104,2.264326276,0.6371635407,0.4532453666,0.7794683322,2.012671413,0.5496853539,0.3317962699,0.7909804873,1.441705911,0.3499155506,0.05072188339
4.284641068,0.7400321274,2.540961846,0.7266924466,0.5726544542,0.7512818913,2.466005954,0.7016030614,0.5401113366,0.7678579747,2.276770535,0.6370438177,0.4527335686,0.7792113693,2.023406876,0.5495529198,0.331230134,0.7907539595,1.448538999,0.3497464551,0.04999902585
4.304173623,0.7396570645,2.555154877,0.7265770683,0.5721589756,0.7509443708,2.479708941,0.7014893424,0.5396229835,0.7675714627,2.289212473,0.6369258501,0.4522269702,0.7789568815,2.034139771,0.5494224616,0.3306698963,0.7905296604,1.455368811,0.3495799246,0.04928388003
4.323706177,0.7392853046,2.569345669,0.7264632953,0.5716681683,0.7506099024,2.493409722,0.7013772377,0.5391393733,0.7672876362,2.301652124,0.6368096036,0.451725493,0.7787048331,2.044870136,0.5492939401,0.3301154657,0.7903075575,1.462195393,0.3494159075,0.04857632416
4.343238731,0.7389168039,2.583534254,0.7263510979,0.5711819664,0.7502784448,2.507108329,0.701266717,0.5386604371,0.7670064577,2.31408952,0.6366950452,0.45122906,0.7784551895,2.05559801,0.5491673175,0.329566753,0.7900876188,1.469018797,0.3492543537,0.04787623902
4.362771285,0.7385515196,2.597720663,0.7262404471,0.5707003053,0.7499499574,2.520804792,0.7011577504,0.5381861077,0.7667278903,2.326524696,0.6365821424,0.4507375959,0.7782079165,2.066323429,0.5490425565,0.3290236707,0.7898698129,1.475839068,0.3490952142,0.04718350783
4.38230384,0.7381894094,2.611904926,0.7261313145,0.5702231214,0.7496244005,2.534499142,0.7010503091,0.5377163189,0.7664518979,2.338957682,0.6364708633,0.4502510268,0.7779629806,2.077046429,0.548919621,0.3284861334,0.7896541091,1.482656255,0.3489384413,0.04649801623
4.401836394,0.737830432,2.626087072,0.7260236724,0.5697503525,0.7493017349,2.548191408,0.7009443646,0.5372510059,0.766178445,2.351388509,0.6363611772,0.4497692802,0.7777203488,2.087767045,0.5487984755,0.3279540569,0.7894404772,1.489470402,0.3487839884,0.04581965221
4.421368948,0.7374745466,2.640267129,0.7259174939,0.5692819373,0.7489819222,2.56188162,0.7008398894,0.536790105,0.7659074968,2.36381721,0.6362530538,0.4492922852,0.777479989,2.098485313,0.5486790856,0.327427359,0.7892288876,1.496281554,0.3486318102,0.04514830604
4.440901503,0.7371217132,2.654445127,0.7258127524,0.5688178158,0.7486649246,2.575569804,0.7007368563,0.5363335539,0.765639019,2.376243814,0.6361464636,0.4488199722,0.7772418695,2.109201265,0.5485614176,0.3269059591,0.7890193112,1.503089756,0.3484818623,0.04448387019
4.460434057,0.7367718926,2.668621092,0.725709422,0.5683579291,0.748350705,2.58925599,0.700635239,0.5358812913,0.7653729782,2.388668351,0.6360413779,0.4483522728,0.7770059592,2.119914935,0.5484454387,0.3263897782,0.7888117197,1.50989505,0.3483341014,0.04382623935
4.479966611,0.7364250461,2.682795053,0.7256074776,0.5679022193,0.7480392271,2.602940205,0.7005350117,0.5354332572,0.7651093412,2.401090849,0.6359377684,0.44788912,0.7767722275,2.130626356,0.5483311168,0.3258787388,0.788606085,1.516697479,0.3481884855,0.04317531027
4.499499165,0.7360811358,2.696967036,0.7255068944,0.5674506295,0.7477304551,2.616622475,0.700436149,0.5349893925,0.7648480757,2.413511338,0.6358356077,0.4474304483,0.7765406445,2.14133556,0.5482184204,0.3253727649,0.7884023797,1.523497085,0.3480449732,0.0425309818
4.51903172,0.7357401242,2.711137067,0.7254076481,0.5670031041,0.7474243536,2.630302828,0.7003386264,0.5345496393,0.7645891499,2.425929845,0.635734869,0.4469761931,0.7763111808,2.152042579,0.5481073191,0.3248717821,0.7882005768,1.530293907,0.3479035244,0.04189315479
4.538564274,0.7354019748,2.725305173,0.7253097153,0.5665595883,0.7471208883,2.643981288,0.7002424198,0.5341139409,0.7643325326,2.438346399,0.6356355261,0.4465262913,0.7760838076,2.162747442,0.5479977829,0.3243757172,0.78800065,1.537087987,0.3477640997,0.04126173206
4.558096828,0.7350666513,2.739471378,0.7252130728,0.5661200282,0.7468200251,2.657657882,0.7001475055,0.5336822415,0.764078193,2.450761025,0.6355375533,0.4460806809,0.7758584964,2.173450181,0.5478897826,0.3238844988,0.7878025733,1.543879362,0.347626661,0.04063661833
4.577629382,0.7347341185,2.753635709,0.7251176979,0.5656843709,0.7465217306,2.671332635,0.7000538605,0.5332544862,0.763826101,2.463173751,0.6354409256,0.4456393009,0.7756352194,2.184150826,0.5477832898,0.3233980565,0.7876063212,1.550668073,0.3474911706,0.04001772021
4.597161937,0.7344043414,2.767798188,0.7250235686,0.5652525647,0.746225972,2.68500557,0.6999614623,0.5328306213,0.7635762271,2.475584602,0.6353456185,0.4452020918,0.7754139493,2.194849405,0.5476782765,0.3229163215,0.7874118687,1.557454155,0.3473575922,0.03940494612
4.616694491,0.7340772856,2.781958841,0.7249306633,0.5648245586,0.7459327171,2.698676713,0.699870289,0.5324105941,0.763328542,2.487993605,0.6352516082,0.444768995,0.7751946592,2.205545947,0.5475747156,0.322439226,0.7872191913,1.564237647,0.3472258899,0.03879820624
4.636227045,0.7337529176,2.796117691,0.7248389608,0.5644003023,0.745641934,2.712346087,0.6997803188,0.5319943526,0.7630830171,2.500400784,0.6351588712,0.4443399528,0.7749773227,2.21624048,0.5474725804,0.321966704,0.7870282648,1.571018584,0.347096029,0.03819741253
4.655759599,0.7334312041,2.810274761,0.7247484403,0.5639797468,0.7453535918,2.726013715,0.6996915308,0.531581846,0.7628396245,2.512806163,0.6350673846,0.443914909,0.7747619139,2.226933032,0.547371845,0.3214986902,0.7868390656,1.577797003,0.3469679752,0.03760247861
4.675292154,0.7331121125,2.824430075,0.7246590817,0.5635628437,0.7450676596,2.73967962,0.6996039043,0.5311730242,0.7625983364,2.525209768,0.6349771262,0.443493808,0.7745484073,2.237623629,0.5472724839,0.3210351208,0.7866515704,1.584572937,0.3468416954,0.03701331975
4.694824708,0.7327956106,2.838583654,0.7245708651,0.5631495455,0.7447841073,2.753343825,0.6995174192,0.5307678382,0.7623591258,2.537611621,0.6348880741,0.4430765956,0.774336778,2.248312299,0.5471744724,0.3205759332,0.7864657564,1.591346422,0.346717157,0.03642985287
4.714357262,0.7324816671,2.852735522,0.7244837711,0.5627398055,0.7445029054,2.767006351,0.6994320557,0.5303662396,0.7621219659,2.550011747,0.6348002069,0.4426632182,0.7741270012,2.258999068,0.5470777861,0.320121066,0.7862816012,1.598117492,0.3465943282,0.03585199644
4.733889816,0.7321702508,2.866885699,0.7243977806,0.5623335779,0.7442240246,2.780667221,0.6993477945,0.5299681811,0.7618868305,2.562410168,0.6347135037,0.4422536236,0.773919053,2.269683961,0.5469824014,0.3196704587,0.7860990827,1.604886178,0.346473178,0.03527967048
4.753422371,0.7318613311,2.881034207,0.7243128752,0.5619308174,0.7439474363,2.794326456,0.6992646167,0.529573616,0.7616536938,2.574806906,0.6346279441,0.4418477603,0.7737129094,2.280367003,0.5468882949,0.3192240522,0.7859181792,1.611652515,0.3463536759,0.0347127965
4.772954925,0.731554878,2.895181067,0.7242290365,0.5615314799,0.7436731122,2.807984076,0.6991825038,0.5291824987,0.7614225305,2.587201985,0.6345435082,0.4414455776,0.7735085473,2.29104822,0.5467954441,0.3187817882,0.7857388695,1.618416533,0.3462357924,0.03415129749
4.792487479,0.731250862,2.9093263,0.7241462469,0.5611355218,0.7434010246,2.821640103,0.6991014378,0.5287947842,0.7611933157,2.599595425,0.6344601762,0.4410470259,0.7733059435,2.301727634,0.5467038267,0.3183436098,0.7855611328,1.625178264,0.3461194983,0.03359509788
4.812020033,0.7309492538,2.923469925,0.7240644888,0.5607429001,0.7431311463,2.835294557,0.6990214009,0.5284104282,0.7609660249,2.611987247,0.6343779292,0.4406520565,0.7731050757,2.312405272,0.5466134211,0.3179094609,0.7853849483,1.631937739,0.3460047653,0.03304412349
4.831552588,0.7306500251,2.937611964,0.7239837451,0.5603535729,0.7428634504,2.848947457,0.6989423757,0.5280293874,0.7607406339,2.624377474,0.6342967483,0.4402606215,0.7729059217,2.323081155,0.5465242059,0.3174792865,0.7852102961,1.638694988,0.3458915657,0.03249830152
4.851085142,0.7303531474,2.951752435,0.723903999,0.5599674986,0.7425979104,2.862598823,0.6988643453,0.5276516191,0.7605171192,2.636766126,0.6342166154,0.4398726739,0.7727084596,2.333755307,0.5464361605,0.3170530325,0.7850371561,1.64545004,0.3457798723,0.03195756051
4.870617696,0.7300585931,2.965891359,0.7238252343,0.5595846367,0.7423345005,2.876248674,0.6987872931,0.5272770813,0.7602954573,2.649153222,0.6341375123,0.4394881674,0.7725126681,2.34442775,0.5463492645,0.3166306458,0.7848655091,1.652202926,0.3456696585,0.03142183029
4.89015025,0.7297663349,2.980028753,0.7237474349,0.559204947,0.7420731949,2.889897031,0.6987112028,0.5269057327,0.7600756253,2.661538783,0.6340594217,0.4391070566,0.7723185261,2.355098507,0.5462634981,0.3162120745,0.7846953356,1.658953672,0.3455608985,0.03089104198
4.909682805,0.7294763459,2.994164637,0.7236705849,0.5588283902,0.7418139687,2.90354391,0.6986360584,0.5265375329,0.7598576008,2.673922828,0.6339823262,0.438729297,0.7721260128,2.3657676,0.5461788417,0.3157972672,0.7845266171,1.665702309,0.3454535668,0.03036512796
4.929215359,0.7291885997,3.008299029,0.7235946691,0.5584549277,0.7415567969,2.91718933,0.6985618443,0.526172442,0.7596413616,2.686305378,0.6339062092,0.4383548446,0.771935108,2.37643505,0.5460952764,0.3153861737,0.7843593348,1.672448863,0.3453476386,0.02984402181
4.948747913,0.7289030702,3.022431947,0.7235196723,0.5580845212,0.7413016552,2.93083331,0.6984885452,0.5258104208,0.7594268858,2.69868645,0.633831054,0.4379836564,0.7717457916,2.387100879,0.5460127835,0.3149787446,0.7841934706,1.679193361,0.3452430896,0.02932765832
4.968280467,0.7286197318,3.036563409,0.7234455796,0.5577171333,0.7410485197,2.944475867,0.6984161462,0.5254514307,0.759214152,2.711066063,0.6337568447,0.4376156901,0.7715580439,2.397765106,0.5459313448,0.3145749314,0.7840290067,1.68593583,0.345139896,0.02881597344
4.987813022,0.7283385592,3.050693433,0.7233723767,0.5573527273,0.7407973667,2.958117018,0.6983446326,0.5250954339,0.759003139,2.723444236,0.6336835655,0.437250904,0.7713718455,2.408427752,0.5458509425,0.3141746864,0.7838659254,1.692676297,0.3450380344,0.02830890426
5.007345576,0.7280595276,3.064822035,0.7233000493,0.5569912667,0.7405481731,2.971756781,0.6982739899,0.5247423932,0.7587938261,2.735820986,0.6336112008,0.4368892573,0.7711871773,2.419088839,0.545771559,0.3137779627,0.7837042093,1.699414787,0.3449374823,0.02780638901
5.02687813,0.7277826126,3.078949234,0.7232285835,0.5566327161,0.7403009158,2.985395173,0.6982042042,0.5243922718,0.7585861929,2.748196332,0.6335397356,0.4365307097,0.7710040207,2.429748384,0.5456931773,0.3133847145,0.7835438415,1.706151326,0.3448382172,0.02730836697
5.046410684,0.72750779,3.093075044,0.7231579656,0.5562770403,0.7400555724,2.99903221,0.6981352616,0.5240450337,0.7583802193,2.76057029,0.633469155,0.4361752217,0.7708223572,2.440406408,0.5456157805,0.3129948963,0.7833848053,1.712885938,0.3447402173,0.02681477852
5.065943239,0.727235036,3.107199483,0.7230881823,0.5559242048,0.7398121208,3.012667908,0.6980671486,0.5237006435,0.7581758854,2.772942879,0.6333994445,0.4358227545,0.7706421687,2.45106293,0.5455393524,0.3126084637,0.7832270841,1.719618648,0.3446434613,0.02632556507
5.085475793,0.7269643273,3.121322568,0.7230192204,0.5555741755,0.739570539,3.026302284,0.6979998519,0.5233590663,0.7579731717,2.785314114,0.6333305899,0.4354732699,0.7704634372,2.461717969,0.5454638769,0.3122253731,0.7830706618,1.72634948,0.3445479283,0.02584066907
5.105008347,0.726695641,3.135444313,0.7229510671,0.5552269191,0.7393308056,3.039935353,0.6979333585,0.5230202678,0.7577720592,2.797684012,0.6332625772,0.4351267303,0.7702861453,2.472371542,0.5453893381,0.3118455815,0.7829155225,1.733078458,0.3444535977,0.02536003394
5.124540902,0.7264289542,3.149564735,0.7228837097,0.5548824027,0.7390928995,3.053567131,0.6978676557,0.5226842142,0.7575725288,2.810052591,0.6331953929,0.4347830988,0.7701102756,2.483023668,0.5453157207,0.3114690467,0.7827616504,1.739805605,0.3443604496,0.02488360411
5.144073456,0.7261642447,3.163683849,0.722817136,0.5545405939,0.7388567998,3.067197634,0.6978027311,0.5223508723,0.7573745621,2.822419864,0.6331290234,0.434442339,0.7699358111,2.493674366,0.5452430096,0.3110957272,0.7826090302,1.746530944,0.3442684642,0.02441132494
5.16360601,0.7259014904,3.17780167,0.7227513337,0.5542014607,0.7386224859,3.080826876,0.6977385723,0.5220202095,0.7571781408,2.83478585,0.6330634558,0.4341044153,0.7697627352,2.504323651,0.54517119,0.3107255821,0.7824576466,1.753254497,0.3441776224,0.02394314275
5.183138564,0.7256406698,3.191918213,0.722686291,0.553864972,0.7383899376,3.094454872,0.6976751674,0.5216921936,0.7569832468,2.847150562,0.6329986771,0.4337692924,0.7695910313,2.514971543,0.5451002475,0.3103585713,0.7823074848,1.759976287,0.3440879054,0.02347900477
5.202671119,0.7253817613,3.206033493,0.7226219963,0.5535310966,0.7381591351,3.108081637,0.6976125046,0.521366793,0.7567898624,2.859514017,0.6329346748,0.4334369359,0.7694206832,2.525618057,0.5450301678,0.3099946555,0.78215853,1.766696336,0.3439992946,0.02301885911
5.222203673,0.725124744,3.220147524,0.722558438,0.5531998043,0.7379300587,3.121707185,0.6975505724,0.5210439765,0.7565979702,2.871876229,0.6328714366,0.4331073117,0.769251675,2.536263211,0.544960937,0.3096337957,0.7820107678,1.773414664,0.343911772,0.02256265479
5.241736227,0.7248695972,3.234260321,0.722495605,0.5528710651,0.737702689,3.13533153,0.6974893595,0.5207237135,0.756407553,2.884237213,0.6328089503,0.4327803863,0.7690839909,2.546907021,0.5448925415,0.3092759538,0.781864184,1.780131293,0.3438253199,0.02211034167
5.261268781,0.7246163004,3.248371898,0.7224334863,0.5525448496,0.7374770071,3.148954687,0.6974288548,0.5204059738,0.7562185938,2.896596984,0.632747204,0.432456127,0.7689176154,2.557549503,0.5448249679,0.3089210924,0.7817187646,1.786846244,0.3437399209,0.02166187045
5.280801336,0.7243648334,3.262482269,0.722372071,0.5522211287,0.7372529943,3.162576669,0.6973690473,0.5200907277,0.756031076,2.908955556,0.6326861862,0.4321345014,0.7687525335,2.568190673,0.5447582032,0.3085691745,0.7815744958,1.793559537,0.343655558,0.02121719267
5.30033389,0.7241151765,3.276591446,0.7223113486,0.5518998738,0.7370306319,3.176197489,0.6973099265,0.519777946,0.7558449832,2.921312943,0.6326258855,0.4318154774,0.7685887299,2.578830546,0.5446922345,0.3082201638,0.781431364,1.800271192,0.3435722147,0.02077626066
5.319866444,0.7238673101,3.290699444,0.7222513086,0.5515810568,0.7368099019,3.189817161,0.6972514818,0.5194675999,0.7556602992,2.933669159,0.6325662907,0.431499024,0.7684261901,2.589469139,0.5446270492,0.3078740245,0.7812893558,1.80698123,0.3434898745,0.02033902756
5.339398998,0.7236212148,3.304806276,0.722191941,0.55126465,0.7365907862,3.203435698,0.697193703,0.5191596612,0.7554770081,2.946024218,0.6325073908,0.4311851101,0.7682648994,2.600106466,0.544562635,0.3075307217,0.7811484582,1.813689668,0.3434085214,0.01990544728
5.358931553,0.7233768718,3.318911955,0.7221332356,0.5509506261,0.7363732673,3.217053113,0.69713658,0.5188541018,0.7552950942,2.958378134,0.632449175,0.4308737055,0.7681048435,2.610742542,0.5444989797,0.3071902206,0.7810086582,1.820396527,0.3433281399,0.01947547446
5.378464107,0.7231342622,3.333016494,0.7220751826,0.5506389583,0.7361573276,3.230669418,0.6970801029,0.5185508944,0.7551145421,2.970730919,0.6323916329,0.4305647803,0.7679460084,2.621377383,0.5444360717,0.3068524874,0.7808699431,1.827101825,0.3432487144,0.01904906454
5.397996661,0.7228933677,3.347119905,0.7220177724,0.5503296199,0.7359429501,3.244284627,0.697024262,0.5182500119,0.7549353365,2.983082586,0.632334754,0.430258305,0.7677883801,2.632011001,0.5443738991,0.3065174884,0.7807323002,1.833805582,0.3431702299,0.01862617363
5.417529215,0.7226541699,3.3612222,0.7219609955,0.550022585,0.7357301178,3.257898751,0.6969690478,0.5179514277,0.7547574625,2.995433149,0.6322785283,0.4299542509,0.767631945,2.642643413,0.5443124506,0.3061851909,0.7805957173,1.840507814,0.3430926716,0.01820675859
5.43706177,0.7224166511,3.375323393,0.7219048426,0.5497178279,0.7355188141,3.271511803,0.696914451,0.5176551155,0.7545809052,3.007782619,0.6322229458,0.4296525892,0.7674766896,2.653274631,0.5442517151,0.3058555624,0.7804601821,1.84720854,0.3430160252,0.01779077697
5.456594324,0.7221807935,3.389423495,0.7218493047,0.5494153232,0.7353090225,3.285123794,0.6968604623,0.5173610496,0.7544056502,3.020131011,0.6321679967,0.4293532921,0.7673226006,2.66390467,0.5441916816,0.3055285711,0.7803256828,1.853907778,0.3429402762,0.017378187
5.476126878,0.7219465796,3.403522519,0.7217943727,0.5491150461,0.7351007268,3.298734736,0.6968070729,0.5170692045,0.754231683,3.032478335,0.6321136715,0.429056332,0.767169665,2.674533542,0.5441323392,0.3052041854,0.7801922075,1.860605545,0.3428654109,0.01696894759
5.495659432,0.7217139923,3.417620475,0.7217400378,0.5488169718,0.734893911,3.312344641,0.6967542737,0.5167795551,0.7540589896,3.044824604,0.6320599608,0.4287616816,0.7670178699,2.685161263,0.5440736775,0.3048823747,0.7800597445,1.867301858,0.3427914156,0.0165630183
5.515191987,0.7214830146,3.431717375,0.7216862915,0.5485210763,0.7346885595,3.325953521,0.6967020563,0.5164920768,0.7538875561,3.05716983,0.6320068553,0.4284693141,0.7668672026,2.695787844,0.5440156861,0.3045631083,0.7799282825,1.873996734,0.3427182767,0.01616035934
5.534724541,0.7212536298,3.445813232,0.7216331252,0.5482273357,0.7344846566,3.339561387,0.696650412,0.5162067453,0.7537173686,3.069514024,0.631954346,0.4281792033,0.7667176506,2.706413299,0.5439583548,0.3042463565,0.7797978101,1.88069019,0.3426459813,0.01576093155
5.554257095,0.7210258214,3.459908055,0.7215805306,0.5479357264,0.7342821872,3.353168249,0.6965993326,0.5159235366,0.7535484138,3.081857199,0.631902424,0.4278913232,0.7665692016,2.717037641,0.5439016737,0.3039320898,0.7796683163,1.887382242,0.3425745164,0.01536469639
5.573789649,0.7207995731,3.474001857,0.7215284996,0.5476462254,0.734081136,3.366774119,0.6965488097,0.5156424271,0.7533806781,3.094199365,0.6318510806,0.4276056482,0.7664218435,2.727660881,0.543845633,0.3036202791,0.7795397901,1.894072906,0.3425038694,0.01497161594
5.593322204,0.720574869,3.488094648,0.721477024,0.5473588097,0.7338814883,3.380379007,0.6964988354,0.5153633936,0.7532141486,3.106540533,0.6318003072,0.4273221532,0.7662755643,2.738283033,0.5437902231,0.303310896,0.7794122208,1.900762198,0.3424340278,0.01458165284
5.612854758,0.7203516932,3.502186439,0.7214260961,0.5470734568,0.7336832294,3.393982925,0.6964494017,0.5150864131,0.7530488123,3.118880716,0.6317500955,0.4270408134,0.7661303521,2.748904109,0.5437354346,0.3030039122,0.7792855977,1.907450134,0.3423649795,0.01419477036
5.632387312,0.72013003,3.51627724,0.721375708,0.5467901446,0.7334863448,3.407585882,0.6964005009,0.5148114632,0.7528846563,3.131219923,0.6317004372,0.4267616044,0.7659861955,2.759524121,0.5436812583,0.3026993,0.7791599103,1.914136728,0.3422967125,0.01381093231
5.651919866,0.7199098642,3.530367063,0.7213258522,0.5465088513,0.7332908202,3.421187889,0.6963521253,0.5145385215,0.7527216682,3.143558166,0.6316513241,0.4264845021,0.7658430829,2.770143081,0.543627685,0.3023970324,0.7790351483,1.920821997,0.3422292151,0.01343010308
5.671452421,0.7196911805,3.544455917,0.7212765211,0.5462295552,0.7330966416,3.434788957,0.6963042674,0.5142675662,0.7525598355,3.155895454,0.6316027485,0.4262094829,0.7657010032,2.780760999,0.5435747059,0.3020970822,0.7789113017,1.927505955,0.3421624759,0.0130522476
5.690984975,0.719473964,3.558543812,0.7212277075,0.5459522352,0.7329037952,3.448389094,0.6962569199,0.5139985756,0.7523991459,3.168231799,0.6315547024,0.4259365234,0.765559945,2.791377889,0.5435223122,0.3017994233,0.7787883603,1.934188616,0.3420964835,0.01267733134
5.710517529,0.7192581998,3.572630758,0.7211794041,0.5456768702,0.7327122672,3.461988312,0.6962100756,0.5137315285,0.7522395875,3.18056721,0.6315071782,0.4256656006,0.7654198976,2.801993761,0.5434704954,0.3015040294,0.7786663143,1.940869996,0.3420312268,0.01230532031
5.730050083,0.7190438735,3.586716767,0.7211316038,0.5454034397,0.7325220441,3.47558662,0.6961637273,0.5134664039,0.7520811483,3.192901699,0.6314601684,0.4253966919,0.76528085,2.812608627,0.543419247,0.3012108749,0.778545154,1.947550108,0.3419666949,0.01193618103
5.749582638,0.7188309706,3.600801846,0.7210842996,0.5451319232,0.7323331127,3.489184027,0.6961178681,0.5132031811,0.7519238166,3.205235274,0.6314136656,0.4251297751,0.7651427917,2.823222497,0.5433685588,0.3009199346,0.7784248698,1.954228966,0.3419028773,0.01156988053
5.769115192,0.718619477,3.614886006,0.7210374847,0.5448623008,0.7321454598,3.502780543,0.696072491,0.5129418398,0.7517675808,3.217567945,0.6313676625,0.424864828,0.7650057122,2.833835382,0.5433184226,0.3006311836,0.7783054523,1.960906585,0.3418397633,0.01120638636
5.788647746,0.7184093786,3.628969257,0.7209911524,0.5445945525,0.7319590724,3.516376177,0.6960275895,0.5126823597,0.7516124296,3.229899723,0.631322152,0.424601829,0.764869601,2.844447293,0.5432688304,0.3003445973,0.7781868921,1.967582978,0.3417773428,0.01084566653
5.808180301,0.7182006616,3.643051607,0.720945296,0.544328659,0.7317739378,3.529970939,0.6959831568,0.5124247212,0.7514583517,3.242230617,0.6312771271,0.4243407568,0.764734448,2.855058241,0.5432197745,0.3000601516,0.77806918,1.974258159,0.3417156055,0.01048768956
5.827712855,0.7179933124,3.657133066,0.720899909,0.5440646008,0.7315900434,3.543564838,0.6959391864,0.5121689047,0.751305336,3.254560636,0.6312325809,0.4240815904,0.7646002432,2.865668236,0.5431712471,0.2997778228,0.7779523071,1.98093214,0.3416545417,0.01013242443
5.847245409,0.7177873176,3.671213643,0.7208549851,0.5438023592,0.7314073767,3.557157882,0.695895672,0.511914891,0.7511533715,3.266889789,0.6311885067,0.423824309,0.7644669765,2.876277289,0.5431232407,0.2994975872,0.7778362643,1.987604935,0.3415941415,0.009779840568
5.866777963,0.7175826639,3.685293347,0.720810518,0.5435419153,0.7312259255,3.570750081,0.6958526072,0.511662661,0.7510024475,3.279218086,0.6311448979,0.4235688922,0.7643346382,2.886885408,0.5430757479,0.299219422,0.777721043,1.994276556,0.3415343953,0.009429907889
5.886310518,0.7173793381,3.699372187,0.7207665014,0.5432832507,0.7310456777,3.584341443,0.695809986,0.511412196,0.7508525534,3.291545536,0.6311017478,0.4233153199,0.7642032187,2.897492605,0.5430287613,0.2989433042,0.7776066344,2.000947017,0.3414752939,0.009082596735
5.905843072,0.7171773274,3.713450172,0.7207229293,0.5430263471,0.7308666213,3.597931976,0.6957678022,0.5111634777,0.7507036786,3.303872147,0.6310590502,0.4230635721,0.7640727084,2.908098889,0.5429822739,0.2986692114,0.7774930299,2.00761633,0.3414168279,0.008737877891
5.925375626,0.716976619,3.72752731,0.7206797958,0.5427711867,0.7306887445,3.61152169,0.6957260498,0.5109164877,0.7505558128,3.316197929,0.6310167987,0.4228136293,0.7639430979,2.918704269,0.5429362785,0.2983971215,0.7773802212,2.014284507,0.3413589884,0.008395722575
5.94490818,0.7167772002,3.741603609,0.7206370949,0.5425177516,0.7305120356,3.625110593,0.695684723,0.5106712082,0.7504089457,3.32852289,0.6309749871,0.4225654723,0.7638143781,2.929308757,0.5428907683,0.2981270128,0.7772681999,2.02095156,0.3413017663,0.008056102425
5.964440735,0.7165790588,3.755679079,0.7205948209,0.5422660245,0.7303364833,3.638698692,0.6956438161,0.5104276214,0.7502630674,3.340847038,0.6309336093,0.422319082,0.7636865397,2.939912359,0.5428457365,0.2978588638,0.7771569579,2.027617501,0.341245153,0.007718989494
5.983973289,0.7163821822,3.769753727,0.7205529682,0.542015988,0.7301620762,3.652285997,0.6956033233,0.5101857099,0.7501181678,3.353170383,0.6308926595,0.4220744397,0.7635595737,2.950515087,0.5428011764,0.2975926532,0.777046487,2.034282343,0.3411891398,0.007384356245
6.003505843,0.7161865586,3.783827561,0.720511531,0.5417676252,0.7299888031,3.665872514,0.6955632392,0.5099454565,0.7499742372,3.365492931,0.6308521316,0.4218315268,0.7634334713,2.961116949,0.5427570814,0.2973283602,0.7769367793,2.040946096,0.3411337183,0.00705217554
6.023038397,0.7159921758,3.79790059,0.720470504,0.5415209193,0.7298166529,3.679458253,0.6955235581,0.5097068441,0.7498312659,3.377814692,0.6308120199,0.4215903252,0.7633082237,2.971717954,0.5427134451,0.2970659643,0.7768278269,2.047608772,0.3410788804,0.006722420632
6.042570952,0.7157990221,3.811972822,0.7204298817,0.5412758537,0.7296456148,3.69304322,0.6954842748,0.5094698561,0.7496892442,3.390135674,0.6307723188,0.4213508168,0.7631838222,2.982318112,0.5426702613,0.2968054452,0.776719622,2.054270383,0.3410246176,0.006395065164
6.062103506,0.7156070859,3.826044265,0.7203896589,0.541032412,0.7294756779,3.706627424,0.6954453839,0.5092344758,0.7495481629,3.402455884,0.6307330227,0.4211129841,0.7630602584,2.99291743,0.5426275236,0.2965467829,0.7766121571,2.06093094,0.3409709222,0.006070083154
6.08163606,0.7154163555,3.840114925,0.7203498302,0.5407905782,0.7293068318,3.720210872,0.6954068802,0.5090006871,0.7494080125,3.414775331,0.6306941261,0.4208768094,0.7629375237,3.003515918,0.5425852259,0.2962899576,0.7765054245,2.067590453,0.3409177862,0.005747448995
6.101168614,0.7152268197,3.854184811,0.7203103906,0.5405503364,0.7291390659,3.733793572,0.6953687586,0.5087684738,0.749268784,3.427094021,0.6306556235,0.4206422756,0.76281561,3.014113584,0.5425433622,0.29603495,0.7763994168,2.074248934,0.3408652018,0.005427137444
6.120701169,0.7150384672,3.868253931,0.720271335,0.5403116708,0.7289723699,3.74737553,0.6953310141,0.5085378201,0.7491304682,3.439411964,0.6306175098,0.4204093656,0.7626945089,3.024710436,0.5425019267,0.2957817408,0.7762941266,2.080906392,0.3408131615,0.005109123618
6.140233723,0.7148512869,3.882322292,0.7202326584,0.5400745659,0.7288067335,3.760956755,0.6952936416,0.5083087102,0.7489930562,3.451729165,0.6305797796,0.4201780627,0.7625742125,3.035306483,0.5424609135,0.2955303113,0.7761895468,2.08756284,0.3407616579,0.004793382986
6.159766277,0.7146652679,3.8963899,0.720194356,0.5398390065,0.7286421466,3.774537254,0.6952566364,0.5080811288,0.7488565392,3.464045634,0.6305424279,0.4199483503,0.7624547126,3.045901733,0.5424203168,0.2952806427,0.7760856702,2.094218287,0.3407106835,0.004479891364
6.179298831,0.7144803994,3.910456765,0.7201564229,0.5396049775,0.7284785994,3.788117034,0.6952199937,0.5078550606,0.7487209085,3.476361376,0.6305054496,0.4197202122,0.7623360016,3.056496194,0.5423801312,0.2950327167,0.7759824896,2.100872743,0.3406602312,0.00416862491
6.198831386,0.7142966707,3.924522892,0.7201188543,0.5393724639,0.728316082,3.801696101,0.6951837086,0.5076304906,0.7485861556,3.4886764,0.6304688398,0.4194936323,0.7622180715,3.067089874,0.542340351,0.2947865151,0.7758799982,2.107526219,0.3406102938,0.003859560115
6.21836394,0.7141140712,3.938588288,0.7200816457,0.5391414511,0.7281545846,3.815274463,0.6951477766,0.5074074039,0.7484522718,3.500990712,0.6304325936,0.4192685947,0.7621009147,3.077682781,0.5423009709,0.2945420202,0.7757781891,2.114178725,0.3405608644,0.003552673797
6.237896494,0.7139325906,3.952652962,0.7200447924,0.5389119246,0.7279940977,3.828852127,0.6951121931,0.507185786,0.7483192488,3.51330432,0.6303967062,0.4190450837,0.7619845237,3.088274923,0.5422619854,0.2942992143,0.7756770556,2.12083027,0.3405119362,0.003247943101
6.257429048,0.7137522185,3.966716919,0.7200082899,0.53868387,0.7278346119,3.842429099,0.6950769537,0.5069656222,0.7481870784,3.52561723,0.6303611728,0.4188230839,0.7618688909,3.098866307,0.5422233894,0.29405808,0.7755765908,2.127480864,0.3404635023,0.002945345486
6.276961603,0.7135729448,3.980780166,0.7199721338,0.5384572732,0.7276761177,3.856005386,0.6950420538,0.5067468984,0.7480557524,3.53792945,0.6303259889,0.41860258,0.761754009,3.109456941,0.5421851776,0.2938186001,0.7754767882,2.134130517,0.3404155562,0.002644858726
6.296494157,0.7133947595,3.99484271,0.7199363197,0.5382321202,0.7275186059,3.869580994,0.6950074892,0.5065296006,0.7479252627,3.550240985,0.6302911499,0.4183835571,0.7616398708,3.120046833,0.5421473451,0.2935807578,0.7753776414,2.140779237,0.3403680913,0.002346460898
6.316026711,0.7132176526,4.008904558,0.7199008433,0.5380083972,0.7273620675,3.883155931,0.6949732555,0.5063137147,0.7477956014,3.562551844,0.6302566513,0.4181660002,0.761526469,3.130635989,0.5421098867,0.2933445364,0.7752791438,2.147427036,0.3403211013,0.002050130384
6.335559265,0.7130416143,4.022965717,0.7198657003,0.5377860907,0.7272064934,3.896730202,0.6949393486,0.5060992271,0.7476667606,3.574862032,0.6302224886,0.4179498948,0.7614137965,3.141224416,0.5420727977,0.2931099194,0.7751812892,2.154073921,0.3402745798,0.001755845859
6.35509182,0.7128666351,4.037026192,0.7198308867,0.5375651872,0.7270518747,3.910303814,0.6949057643,0.5058861243,0.7475387326,3.587171556,0.6301886576,0.4177352265,0.7613018463,3.151812124,0.5420360731,0.2928768905,0.7750840712,2.160719902,0.3402285207,0.001463586293
6.374624374,0.7126927052,4.051085991,0.7197963982,0.5373456734,0.7268982027,3.923876773,0.6948724985,0.5056743929,0.7474115097,3.599480422,0.6301551539,0.4175219809,0.7611906116,3.162399117,0.5419997082,0.2926454338,0.7749874837,2.167364988,0.3401829178,0.001173330938
6.394156928,0.7125198153,4.065145119,0.7197622308,0.5371275362,0.7267454686,3.937449085,0.6948395472,0.5054640196,0.7472850843,3.611788638,0.6301219734,0.4173101439,0.7610800855,3.172985403,0.5419636984,0.2924155335,0.7748915206,2.174009188,0.3401377651,0.0008850593301
6.413689482,0.7123479561,4.079203583,0.7197283807,0.5369107628,0.7265936639,3.951020757,0.6948069065,0.5052549916,0.747159449,3.624096208,0.6300891119,0.4170997018,0.7609702612,3.18357099,0.541928039,0.2921871739,0.7747961759,2.18065251,0.3400930568,0.0005987512813
6.433222037,0.7121771183,4.093261388,0.7196948437,0.5366953403,0.7264427801,3.964591795,0.6947745725,0.5050472958,0.7470345963,3.636403139,0.6300565653,0.4168906409,0.7608611321,3.194155883,0.5418927255,0.2919603397,0.7747014436,2.187294963,0.340048787,0.0003143868758
6.452754591,0.7120072928,4.107318542,0.7196616162,0.536481256,0.7262928089,3.978162203,0.6947425413,0.5048409197,0.7469105191,3.648709438,0.6300243296,0.4166829475,0.7607526917,3.20474009,0.5418577534,0.2917350157,0.7746073178,2.193936555,0.34000495,3.194646493e-05
6.472287145,0.7118384707,4.121375049,0.7196286942,0.5362684977,0.726143742,3.991731989,0.6947108092,0.5046358506,0.7467872101,3.66101511,0.629992401,0.4164766083,0.7606449334,3.215323617,0.5418231184,0.2915111869,0.7745137928,2.200577296,0.3399615402,-0.0002485893366
6.491819699,0.7116706429,4.135430917,0.7195960741,0.5360570529,0.7259955713,4.005301158,0.6946793724,0.5044320763,0.7466646621,3.673320161,0.6299607754,0.4162716103,0.7605378508,3.225906471,0.5417888162,0.2912888385,0.7744208628,2.207217193,0.3399185521,-0.0005272396557
6.511352254,0.7115038008,4.14948615,0.7195637522,0.5358469095,0.7258482886,4.018869716,0.6946482273,0.5042295844,0.7465428683,3.685624598,0.6299294491,0.4160679403,0.7604314376,3.236488658,0.5417548424,0.2910679559,0.7743285222,2.213856254,0.3398759803,-0.0008040233647
6.530884808,0.7113379357,4.163540755,0.7195317248,0.5356380555,0.725701886,4.032437669,0.6946173704,0.504028363,0.7464218215,3.697928426,0.6298984184,0.4158655856,0.7603256876,3.247070185,0.5417211931,0.2908485248,0.7742367654,2.220494487,0.3398338194,-0.001078959086
6.550417362,0.7111730389,4.177594737,0.7194999883,0.5354304791,0.7255563556,4.046005021,0.694586798,0.5038284001,0.7463015151,3.71023165,0.6298676795,0.4156645335,0.7602205945,3.257651058,0.5416878639,0.2906305309,0.7741455869,2.227131901,0.3397920641,-0.001352065196
6.569949917,0.711009102,4.191648102,0.7194685394,0.5352241685,0.7254116897,4.059571779,0.6945565067,0.5036296839,0.7461819422,3.722534277,0.6298372287,0.4154647714,0.7601161524,3.268231282,0.5416548509,0.2904139602,0.7740549812,2.233768504,0.3397507093,-0.001623359829
6.589482471,0.7108461166,4.205700855,0.7194373744,0.5350191121,0.7252678805,4.073137948,0.694526493,0.5034322028,0.7460630962,3.734836312,0.6298070625,0.415266287,0.7600123551,3.278810865,0.5416221501,0.2901987988,0.773964943,2.240404302,0.3397097498,-0.00189286088
6.609015025,0.7106840744,4.219753003,0.71940649,0.5348152987,0.7251249205,4.086703534,0.6944967536,0.5032359454,0.7459449704,3.74713776,0.6297771774,0.4150690682,0.7599091968,3.289389812,0.5415897576,0.289985033,0.773875467,2.247039305,0.3396691807,-0.002160586013
6.628547579,0.7105229673,4.23380455,0.7193758828,0.5346127167,0.7249828021,4.100268541,0.6944672851,0.5030409003,0.7458275583,3.759438627,0.6297475699,0.4148731028,0.7598066715,3.29996813,0.5415576695,0.2897726495,0.7737865479,2.253673518,0.339628997,-0.002426552659
6.648080134,0.7103627871,4.247855501,0.7193455495,0.5344113552,0.724841518,4.113832975,0.6944380842,0.5028470563,0.7457108535,3.771738919,0.6297182365,0.4146783791,0.7597047734,3.310545823,0.5415258821,0.2895616348,0.7736981805,2.260306951,0.3395891938,-0.002690778022
6.667612688,0.7102035259,4.261905863,0.7193154868,0.5342112031,0.7247010607,4.127396842,0.6944091478,0.5026544023,0.7455948495,3.78403864,0.6296891739,0.4144848852,0.7596034969,3.321122899,0.5414943915,0.2893519758,0.7736103598,2.266939609,0.3395497664,-0.002953279086
6.687145242,0.7100451756,4.275955641,0.7192856916,0.5340122496,0.7245614232,4.140960146,0.6943804726,0.5024629275,0.7454795403,3.796337796,0.6296603788,0.4142926096,0.7595028363,3.331699363,0.5414631941,0.2891436595,0.7735230807,2.273571502,0.33951071,-0.003214072613
6.706677796,0.7098877286,4.290004839,0.7192561606,0.5338144837,0.7244225981,4.154522892,0.6943520554,0.502272621,0.7453649194,3.808636393,0.6296318478,0.4141015408,0.7594027858,3.34227522,0.5414322863,0.2889366731,0.7734363383,2.280202635,0.3394720201,-0.003473175149
6.726210351,0.7097311771,4.304053462,0.7192268908,0.5336178951,0.7242845784,4.168085086,0.6943238933,0.5020834722,0.7452509807,3.820934435,0.6296035779,0.4139116675,0.7593033402,3.352850475,0.5414016645,0.288731004,0.7733501275,2.286833015,0.339433692,-0.003730603029
6.745742905,0.7095755134,4.318101517,0.7191978791,0.533422473,0.7241473572,4.181646732,0.6942959832,0.5018954706,0.7451377183,3.833231927,0.6295755657,0.4137229786,0.7592044938,3.363425136,0.5413713252,0.2885266396,0.7732644435,2.293462651,0.3393957212,-0.003986372379
6.765275459,0.70942073,4.332149007,0.7191691223,0.5332282072,0.7240109275,4.195207835,0.694268322,0.5017086057,0.745025126,3.845528874,0.6295478082,0.4135354631,0.7591062413,3.373999207,0.5413412649,0.2883235676,0.7731792815,2.300091548,0.3393581035,-0.004240499119
6.784808013,0.7092668194,4.346195938,0.7191406177,0.5330350875,0.7238752824,4.208768401,0.6942409069,0.5015228672,0.744913198,3.857825282,0.6295203023,0.41334911,0.7590085773,3.384572693,0.5413114803,0.2881217758,0.7730946368,2.306719714,0.3393208343,-0.004492998965
6.804340568,0.7091137743,4.360242315,0.7191123622,0.5328431036,0.7237404152,4.222328433,0.6942137348,0.5013382451,0.7448019284,3.870121155,0.629493045,0.4131639086,0.7589114967,3.3951456,0.5412819679,0.2879212522,0.7730105047,2.313347156,0.3392839094,-0.004743887437
6.823873122,0.7089615872,4.374288142,0.7190843529,0.5326522456,0.7236063193,4.235887937,0.694186803,0.5011547293,0.7446913114,3.882416497,0.6294660333,0.4129798483,0.7588149941,3.405717934,0.5412527245,0.287721985,0.7729268805,2.319973879,0.3392473245,-0.004993179855
6.843405676,0.7088102511,4.388333425,0.7190565869,0.5324625036,0.723472988,4.249446918,0.6941601086,0.5009723098,0.7445813413,3.894711315,0.6294392642,0.4127969186,0.7587190645,3.416289698,0.5412237468,0.2875239623,0.7728437597,2.326599891,0.3392110756,-0.00524089135
6.86293823,0.7086597588,4.402378167,0.7190290616,0.5322738678,0.7233404148,4.263005379,0.6941336489,0.500790977,0.7444720125,3.907005612,0.6294127349,0.4126151091,0.7586237027,3.4268609,0.5411950316,0.2873271726,0.7727611377,2.333225199,0.3391751585,-0.005487036859
6.882470785,0.7085101032,4.416422375,0.719001774,0.5320863286,0.7232085933,4.276563325,0.694107421,0.500610721,0.7443633193,3.919299393,0.6293864425,0.4124344096,0.7585289038,3.437431543,0.5411665757,0.2871316044,0.7726790101,2.339849808,0.3391395692,-0.005731631136
6.902003339,0.7083612774,4.430466051,0.7189747214,0.5318998763,0.723077517,4.290120762,0.6940814223,0.5004315324,0.7442552562,3.931592663,0.6293603842,0.41225481,0.7584346628,3.448001632,0.5411383761,0.2869372464,0.7725973725,2.346473725,0.3391043037,-0.005974688747
6.921535893,0.7082132744,4.444509202,0.7189479012,0.5317145016,0.7229471797,4.303677693,0.6940556502,0.5002534016,0.7441478178,3.943885427,0.6293345573,0.4120763002,0.7583409747,3.458571174,0.5411104297,0.2867440875,0.7725162204,2.353096957,0.3390693581,-0.00621622408
6.941068447,0.7080660874,4.458551831,0.7189213107,0.5315301951,0.7228175751,4.317234123,0.6940301019,0.5000763194,0.7440409987,3.956177688,0.6293089589,0.4118988705,0.7582478348,3.469140172,0.5410827334,0.2865521167,0.7724355496,2.359719508,0.3390347286,-0.006456251342
6.960601002,0.7079197096,4.472593942,0.7188949473,0.5313469477,0.722688697,4.330790056,0.694004775,0.4999002766,0.7439347935,3.968469451,0.6292835864,0.4117225111,0.7581552382,3.479708631,0.5410552843,0.2863613229,0.7723553558,2.366341387,0.3390004113,-0.006694784567
6.980133556,0.7077741345,4.486635541,0.7188688083,0.5311647501,0.7225605394,4.344345496,0.6939796669,0.4997252639,0.743829197,3.980760721,0.6292584372,0.4115472122,0.7580631802,3.490276557,0.5410280795,0.2861716956,0.7722756349,2.372962598,0.3389664025,-0.006931837612
6.99966611,0.7076293554,4.500676632,0.7188428913,0.5309835933,0.7224330962,4.357900448,0.693954775,0.4995512724,0.7437242039,3.993051501,0.6292335087,0.4113729645,0.7579716562,3.500843953,0.541001116,0.285983224,0.7721963825,2.379583148,0.3389326986,-0.007167424168
7.019198664,0.7074853657,4.514717218,0.7188171938,0.5308034686,0.7223063615,4.371454916,0.6939300969,0.4993782932,0.7436198091,4.005341797,0.6292087982,0.4111997585,0.7578806614,3.511410826,0.5409743911,0.2857958976,0.7721175947,2.386203043,0.3388992959,-0.007401557756
7.038731219,0.707342159,4.528757305,0.7187917133,0.530624367,0.7221803293,4.385008904,0.6939056301,0.4992063175,0.7435160075,4.017631613,0.6291843033,0.4110275849,0.7577901914,3.521977178,0.5409479018,0.2856097061,0.7720392674,2.392822288,0.3388661908,-0.007634251731
7.058263773,0.707199729,4.542796896,0.7187664472,0.5304462798,0.7220549939,4.398562416,0.6938813723,0.4990353365,0.743412794,4.029920952,0.6291600214,0.4108564345,0.7577002415,3.532543016,0.5409216455,0.2854246392,0.7719613964,2.399440889,0.3388333799,-0.007865519288
7.077796327,0.7070580692,4.556835995,0.7187413933,0.5302691985,0.7219303494,4.412115456,0.693857321,0.4988653417,0.7433101638,4.042209819,0.6291359501,0.4106862982,0.7576108075,3.543108342,0.5408956195,0.2852406867,0.771883978,2.406058853,0.3388008595,-0.008095373458
7.097328881,0.7069171736,4.570874608,0.7187165492,0.5300931145,0.7218063902,4.425668029,0.6938334739,0.4986963245,0.7432081117,4.054498217,0.629112087,0.4105171672,0.7575218847,3.553673163,0.540869821,0.2850578387,0.7718070081,2.412676184,0.3387686264,-0.008323827118
7.116861436,0.7067770357,4.584912737,0.7186919125,0.5299180194,0.7216831106,4.439220138,0.6938098288,0.4985282766,0.7431066331,4.066786152,0.6290884296,0.4103490324,0.7574334689,3.564237482,0.5408442475,0.2848760853,0.7717304829,2.419292888,0.3387366772,-0.008550892987
7.13639399,0.7066376497,4.598950387,0.7186674809,0.5297439049,0.7215605051,4.452771787,0.6937863833,0.4983611896,0.743005723,4.079073626,0.6290649757,0.4101818852,0.7573455557,3.574801304,0.5408188962,0.2846954167,0.7716543985,2.42590897,0.3387050085,-0.008776583632
7.155926544,0.7064990093,4.612987561,0.7186432522,0.5295707627,0.721438568,4.466322979,0.6937631352,0.4981950553,0.7429053767,4.091360645,0.6290417228,0.4100157169,0.7572581409,3.585364632,0.5407937647,0.2845158233,0.7715787511,2.432524437,0.338673617,-0.00900091147
7.175459098,0.7063611087,4.627024265,0.718619224,0.5293985848,0.7213172941,4.47987372,0.6937400823,0.4980298656,0.7428055895,4.103647211,0.6290186687,0.4098505189,0.7571712202,3.595927472,0.5407688504,0.2843372954,0.771503537,2.439139294,0.3386424996,-0.009223888766
7.194991653,0.7062239418,4.641060501,0.7185953943,0.529227363,0.7211966777,4.493424012,0.6937172224,0.4978656125,0.7427063567,4.115933329,0.6289958112,0.4096862828,0.7570847895,3.606489828,0.5407441508,0.2841598237,0.7714287525,2.445753545,0.3386116531,-0.009445527643
7.214524207,0.7060875029,4.655096273,0.7185717607,0.5290570895,0.7210767138,4.50697386,0.6936945534,0.4977022879,0.7426076738,4.128219002,0.628973148,0.4095230002,0.7569988447,3.617051703,0.5407196635,0.2839833989,0.7713543939,2.452367197,0.3385810743,-0.009665840076
7.234056761,0.7059517862,4.669131586,0.7185483213,0.5288877563,0.7209573968,4.520523266,0.6936720731,0.4975398842,0.7425095361,4.140504234,0.6289506769,0.4093606628,0.7569133816,3.627613101,0.540695386,0.2838080117,0.7712804576,2.458980253,0.3385507601,-0.009884837902
7.253589316,0.7058167859,4.683166442,0.7185250738,0.5287193557,0.7208387217,4.534072236,0.6936497795,0.4973783934,0.7424119392,4.152789029,0.6289283958,0.4091992626,0.7568283962,3.638174028,0.540671316,0.283633653,0.77120694,2.46559272,0.3385207076,-0.01010253281
7.27312187,0.7056824963,4.697200847,0.7185020161,0.52855188,0.7207206832,4.547620772,0.6936276705,0.497217808,0.7423148787,4.165073391,0.6289063025,0.4090387913,0.7567438846,3.648734486,0.5406474511,0.2834603139,0.7711338375,2.472204603,0.3384909136,-0.01031893637
7.292654424,0.7055489119,4.711234803,0.7184791462,0.5283853215,0.7206032763,4.561168877,0.693605744,0.4970581203,0.74221835,4.177357324,0.6288843949,0.4088792411,0.7566598428,3.659294481,0.5406237889,0.2832879854,0.7710611467,2.478815906,0.3384613754,-0.01053405999
7.312186978,0.705416027,4.725268314,0.7184564621,0.5282196728,0.7204864958,4.574716556,0.6935839981,0.4968993229,0.7421223489,4.18964083,0.628862671,0.408720604,0.7565762668,3.669854015,0.5406003272,0.2831166588,0.7709888642,2.485426635,0.3384320898,-0.01074791496
7.331719533,0.7052838362,4.739301384,0.7184339617,0.5280549263,0.7203703368,4.588263812,0.6935624308,0.4967414082,0.742026871,4.201923913,0.6288411286,0.4085628722,0.7564931529,3.680413092,0.5405770638,0.2829463253,0.7709169864,2.492036794,0.3384030541,-0.01096051244
7.351252087,0.7051523341,4.753334016,0.7184116431,0.5278910748,0.7202547943,4.601810649,0.6935410401,0.4965843691,0.7419319121,4.214206578,0.6288197658,0.4084060381,0.7564104972,3.690971718,0.5405539964,0.2827769764,0.77084551,2.498646389,0.3383742655,-0.01117186345
7.370784641,0.7050215152,4.767366214,0.7183895043,0.5277281109,0.7201398634,4.61535707,0.6935198241,0.4964281981,0.7418374679,4.226488827,0.6287985807,0.4082500939,0.756328296,3.701529894,0.5405311228,0.2826086036,0.7707744316,2.505255423,0.3383457211,-0.01138197889
7.390317195,0.7048913742,4.781397981,0.7183675434,0.5275660275,0.7200255393,4.628903077,0.6934987809,0.4962728881,0.7417435344,4.238770664,0.6287775711,0.4080950322,0.7562465455,3.712087626,0.5405084408,0.2824411985,0.770703748,2.511863903,0.3383174182,-0.01159086953
7.40984975,0.704761906,4.795429321,0.7183457584,0.5274048174,0.7199118171,4.642448676,0.6934779087,0.4961184321,0.7416501073,4.251052092,0.6287567353,0.4079408455,0.7561652419,3.722644916,0.5404859484,0.2822747528,0.7706334559,2.518471831,0.3382893541,-0.01179854601
7.429382304,0.7046331051,4.809460237,0.7183241476,0.5272444735,0.7197986922,4.655993868,0.6934572055,0.495964823,0.7415571826,4.263333115,0.6287360712,0.4077875264,0.7560843818,3.733201769,0.5404636433,0.2821092583,0.7705635519,2.525079215,0.338261526,-0.01200501886
7.448914858,0.7045049666,4.823490733,0.718302709,0.5270849889,0.7196861598,4.669538658,0.6934366697,0.4958120539,0.7414647562,4.275613736,0.6287155771,0.4076350676,0.7560039614,3.743758188,0.5404415236,0.2819447068,0.770494033,2.531686056,0.3382339315,-0.01221029849
7.468447412,0.7043774853,4.837520811,0.7182814408,0.5269263567,0.7195742153,4.683083048,0.6934162993,0.4956601178,0.7413728241,4.287893958,0.628695251,0.407483462,0.7559239771,3.754314177,0.5404195872,0.2817810905,0.7704248959,2.538292361,0.3382065678,-0.01241439517
7.487979967,0.704250656,4.851550476,0.7182603413,0.5267685701,0.719462854,4.696627042,0.6933960926,0.495509008,0.7412813825,4.300173785,0.6286750911,0.4073327023,0.7558444255,3.764869739,0.5403978321,0.2816184012,0.7703561376,2.544898134,0.3381794324,-0.01261731907
7.507512521,0.704124474,4.865579731,0.7182394086,0.5266116223,0.7193520715,4.710170643,0.6933760478,0.4953587179,0.7411904273,4.31245322,0.6286550956,0.4071827816,0.7557653031,3.775424878,0.5403762562,0.2814566313,0.7702877548,2.551503379,0.3381525228,-0.01281908024
7.527045075,0.703998934,4.879608578,0.718218641,0.5264555066,0.7192418632,4.723713854,0.6933561633,0.4952092406,0.7410999547,4.324732266,0.6286352628,0.4070336929,0.7556866063,3.785979598,0.5403548577,0.2812957729,0.7702197446,2.5581081,0.3381258364,-0.01301968862
7.546577629,0.7038740314,4.893637021,0.7181980367,0.5263002164,0.7191322247,4.737256678,0.6933364373,0.4950605697,0.7410099609,4.337010926,0.6286155908,0.4068854293,0.7556083318,3.796533901,0.5403336346,0.2811358184,0.770152104,2.564712303,0.3380993709,-0.01321915403
7.566110184,0.7037497612,4.907665063,0.7181775941,0.5261457451,0.7190231516,4.750799118,0.6933168681,0.4949126986,0.7409204421,4.349289203,0.628596078,0.4067379839,0.7555304762,3.807087791,0.5403125849,0.2809767602,0.7700848298,2.57131599,0.3380731237,-0.01341748618
7.585642738,0.7036261186,4.921692707,0.7181573114,0.5259920864,0.7189146394,4.764341177,0.6932974541,0.4947656209,0.7408313945,4.361567101,0.6285767226,0.40659135,0.7554530361,3.817641271,0.5402917068,0.2808185908,0.7700179192,2.577919168,0.3380470926,-0.01361469467
7.605175292,0.7035030988,4.935719957,0.718137187,0.5258392338,0.7188066839,4.777882859,0.6932781937,0.4946193303,0.7407428145,4.373844622,0.6285575229,0.406445521,0.7553760082,3.828194346,0.5402709985,0.2806613028,0.7699513692,2.584521838,0.338021275,-0.01381078901
7.624707846,0.7033806972,4.949746816,0.7181172193,0.5256871809,0.7186992808,4.791424166,0.6932590852,0.4944738204,0.7406546983,4.38612177,0.6285384773,0.4063004902,0.7552993893,3.838747018,0.5402504581,0.2805048888,0.769885177,2.591124007,0.3379956688,-0.01400577857
7.644240401,0.7032589091,4.963773285,0.7180974066,0.5255359216,0.7185924259,4.804965101,0.693240127,0.494329085,0.7405670424,4.398398547,0.6285195842,0.4061562512,0.755223176,3.84929929,0.5402300837,0.2803493417,0.7698193396,2.597725677,0.3379702716,-0.01419967265
7.663772955,0.7031377299,4.97779937,0.7180777473,0.5253854495,0.7184861149,4.818505668,0.6932213176,0.494185118,0.7404798431,4.410674956,0.6285008418,0.4060127975,0.7551473652,3.859851166,0.5402098737,0.2801946543,0.7697538542,2.604326853,0.3379450811,-0.01439248042
7.683305509,0.703017155,4.991825072,0.7180582398,0.5252357585,0.7183803438,4.832045868,0.6932026554,0.4940419132,0.7403930968,4.422951001,0.6284822487,0.4058701226,0.7550719537,3.870402648,0.5401898262,0.2800408194,0.7696887179,2.61092754,0.3379200951,-0.01458421096
7.702838063,0.7028971799,5.005850394,0.7180388827,0.5250868427,0.7182751084,4.845585706,0.6931841389,0.4938994646,0.7403068002,4.435226685,0.6284638032,0.4057282203,0.7549969384,3.880953741,0.5401699395,0.27988783,0.7696239281,2.61752774,0.3378953115,-0.01477487324
7.722370618,0.7027778001,5.019875339,0.7180196742,0.5249386959,0.7181704046,4.859125183,0.6931657666,0.4937577662,0.7402209495,4.447502009,0.6284455038,0.4055870843,0.7549223161,3.891504447,0.5401502119,0.2797356793,0.7695594819,2.624127458,0.3378707279,-0.01496447616
7.741903172,0.7026590113,5.033899911,0.718000613,0.5247913122,0.7180662285,4.872664303,0.6931475369,0.4936168121,0.7401355416,4.459776977,0.6284273489,0.4054467085,0.7548480838,3.902054769,0.5401306418,0.2795843603,0.7694953767,2.630726698,0.3378463423,-0.01515302848
7.761435726,0.7025408089,5.047924112,0.7179816975,0.5246446857,0.717962576,4.886203068,0.6931294485,0.4934765966,0.7400505728,4.472051593,0.628409337,0.4053070867,0.7547742384,3.91260471,0.5401112273,0.2794338663,0.7694316097,2.637325463,0.3378221526,-0.01534053889
7.78096828,0.7024231887,5.061947945,0.7179629262,0.5244988106,0.7178594433,4.899741481,0.6931114997,0.4933371136,0.7399660399,4.484325857,0.6283914667,0.4051682129,0.754700777,3.923154273,0.540091967,0.2792841905,0.7693681783,2.643923758,0.3377981567,-0.01552701598
7.800500835,0.7023061463,5.075971413,0.7179442977,0.5243536811,0.7177568263,4.913279544,0.6930936893,0.4931983577,0.7398819394,4.496599774,0.6283737364,0.405030081,0.7546276964,3.933703462,0.5400728591,0.2791353263,0.7693050798,2.650521586,0.3377743524,-0.01571246825
7.820033389,0.7021896776,5.089994518,0.7179258106,0.5242092915,0.7176547213,4.926817262,0.6930760158,0.493060323,0.7397982682,4.508873346,0.6283561447,0.4048926853,0.7545549938,3.944252279,0.5400539021,0.2789872672,0.7692423116,2.657118951,0.3377507378,-0.01589690409
7.839565943,0.7020737782,5.104017263,0.7179074633,0.5240656361,0.7175531244,4.940354635,0.6930584778,0.492923004,0.7397150228,4.521146576,0.6283386901,0.4047560198,0.7544826663,3.954800727,0.5400350944,0.2788400067,0.7691798711,2.663715857,0.3377273109,-0.01608033182
7.859098497,0.7019584441,5.118039652,0.7178892545,0.5239227095,0.7174520319,4.953891667,0.6930410739,0.4927863952,0.7396322001,4.533419466,0.6283213713,0.4046200786,0.7544107109,3.96534881,0.5400164343,0.2786935382,0.7691177559,2.670312306,0.3377040697,-0.01626275966
7.878631052,0.701843671,5.132061686,0.7178711828,0.5237805059,0.71735144,4.967428361,0.6930238027,0.4926504909,0.7395497969,4.54569202,0.6283041868,0.4044848562,0.7543391249,3.975896529,0.5399979205,0.2785478555,0.7690559632,2.676908304,0.3376810122,-0.01644419573
7.898163606,0.7017294549,5.146083368,0.7178532468,0.52363902,0.7172513449,4.980964718,0.693006663,0.4925152859,0.73946781,4.557964238,0.6282871352,0.4043503468,0.7542679053,3.986443888,0.5399795513,0.2784029523,0.7689944908,2.683503853,0.3376581365,-0.0166246481
7.91769616,0.7016157918,5.160104702,0.7178354452,0.5234982463,0.717151743,4.994500742,0.6929896533,0.4923807747,0.7393862361,4.570236126,0.6282702152,0.4042165448,0.7541970493,3.99699089,0.5399613253,0.2782588223,0.7689333359,2.690098957,0.3376354407,-0.0168041247
7.937228715,0.7015026776,5.174125689,0.7178177766,0.5233581794,0.7170526307,5.008036435,0.6929727723,0.4922469519,0.7393050723,4.582507683,0.6282534254,0.4040834446,0.7541265543,4.007537537,0.5399432409,0.2781154594,0.7688724963,2.696693619,0.3376129229,-0.01698263341
7.956761269,0.7013901083,5.188146332,0.7178002397,0.5232188141,0.7169540043,5.021571799,0.6929560189,0.4921138124,0.7392243155,4.594778915,0.6282367645,0.4039510407,0.7540564174,4.018083832,0.5399252968,0.2779728575,0.7688119695,2.703287843,0.3375905812,-0.01716018203
7.976293823,0.70127808,5.202166634,0.7177828332,0.523080145,0.7168558603,5.035106838,0.6929393916,0.4919813509,0.7391439625,4.607049822,0.6282202312,0.4038193278,0.7539866359,4.028629778,0.5399074914,0.2778310106,0.7687517531,2.709881633,0.3375684139,-0.01733677826
7.995826377,0.7011665888,5.216186597,0.7177655558,0.522942167,0.7167581952,5.048641553,0.6929228892,0.4918495622,0.7390640104,4.619320407,0.6282038241,0.4036883004,0.7539172071,4.039175377,0.5398898233,0.2776899126,0.7686918447,2.716474991,0.3375464191,-0.01751242971
8.015358932,0.7010556309,5.230206224,0.7177484063,0.5228048748,0.7166610054,5.062175947,0.6929065105,0.4917184413,0.7389844562,4.631590673,0.6281875421,0.4035579531,0.7538481284,4.049720633,0.5398722912,0.2775495578,0.7686322419,2.723067922,0.3375245951,-0.01768714394
8.034891486,0.7009452024,5.244225517,0.7177313833,0.5226682634,0.7165642876,5.075710022,0.6928902543,0.491587983,0.7389052968,4.643860622,0.6281713838,0.4034282807,0.7537793971,4.060265548,0.5398548936,0.2774099401,0.7685729424,2.729660427,0.33750294,-0.01786092839
8.05442404,0.7008352995,5.258244479,0.7177144856,0.5225323278,0.7164680381,5.08924378,0.6928741192,0.4914581823,0.7388265295,4.656130257,0.6281553479,0.4032992781,0.7537110106,4.070810124,0.5398376292,0.277271054,0.768513944,2.736252512,0.3374814521,-0.01803379047
8.073956594,0.7007259185,5.272263112,0.7176977121,0.5223970628,0.7163722538,5.102777225,0.6928581042,0.4913290343,0.7387481513,4.66839958,0.6281394333,0.4031709399,0.7536429663,4.081354364,0.5398204966,0.2771328936,0.7684552443,2.742844178,0.3374601298,-0.01820573746
8.093489149,0.7006170556,5.286281419,0.7176810614,0.5222624636,0.7162769311,5.116310358,0.692842208,0.4912005341,0.7386701592,4.680668593,0.6281236388,0.4030432612,0.7535752618,4.091898271,0.5398034944,0.2769954532,0.768396841,2.749435429,0.3374389713,-0.01837677661
8.113021703,0.7005087072,5.300299402,0.7176645324,0.5221285252,0.7161820668,5.129843182,0.6928264295,0.4910726769,0.7385925505,4.692937299,0.628107963,0.4029162368,0.7535078943,4.102441847,0.5397866214,0.2768587274,0.768338732,2.756026269,0.337417975,-0.01854691506
8.132554257,0.7004008697,5.314317063,0.7176481239,0.5219952428,0.7160876576,5.143375699,0.6928107675,0.4909454577,0.7385153224,4.7052057,0.6280924049,0.4027898618,0.7534408615,4.112985095,0.5397698763,0.2767227105,0.768280915,2.7626167,0.3373971391,-0.01871615988
8.152086811,0.7002935394,5.328334404,0.7176318348,0.5218626116,0.7159937002,5.15690791,0.6927952208,0.4908188719,0.738438472,4.717473797,0.6280769632,0.4026641311,0.7533741607,4.123528017,0.5397532578,0.276587397,0.7682233878,2.769206726,0.3373764622,-0.0188845181
8.171619366,0.7001867127,5.342351429,0.7176156638,0.5217306268,0.7159001913,5.17043982,0.6927797883,0.4906929147,0.7383619965,4.729741595,0.6280616369,0.4025390399,0.7533077897,4.134070615,0.5397367645,0.2764527816,0.7681661483,2.775796349,0.3373559425,-0.01905199663
8.19115192,0.7000803861,5.356368139,0.7175996099,0.5215992836,0.7158071278,5.183971429,0.692764469,0.4905675814,0.7382858934,4.742009094,0.6280464247,0.4024145833,0.7532417459,4.144612893,0.5397203952,0.2763188587,0.7681091942,2.782385573,0.3373355785,-0.01921860234
8.210684474,0.6999745561,5.370384536,0.7175836719,0.5214685775,0.7157145064,5.19750274,0.6927492617,0.4904428675,0.7382101597,4.754276297,0.6280313255,0.4022907565,0.753176027,4.155154852,0.5397041488,0.2761856233,0.7680525236,2.788974401,0.3373153685,-0.01938434201
8.230217028,0.6998692192,5.384400623,0.7175678487,0.5213385037,0.7156223241,5.211033755,0.6927341652,0.4903187683,0.738134793,4.766543207,0.6280163383,0.4021675548,0.7531106304,4.165696495,0.5396880239,0.2760530698,0.7679961342,2.795562836,0.3372953112,-0.01954922236
8.249749583,0.699764372,5.398416403,0.7175521392,0.5212090577,0.7155305776,5.224564476,0.6927191787,0.4901952794,0.7380597904,4.778809825,0.6280014619,0.4020449733,0.753045554,4.176237824,0.5396720194,0.2759211932,0.767940024,2.80215088,0.3372754048,-0.01971325005
8.269282137,0.699660011,5.412431876,0.7175365423,0.5210802349,0.715439264,5.238094905,0.6927043009,0.4900723961,0.7379851494,4.791076153,0.6279866951,0.4019230076,0.7529807953,4.186778842,0.5396561341,0.2757899883,0.7678841908,2.808738537,0.337255648,-0.01987643165
8.288814691,0.6995561329,5.426447046,0.7175210569,0.520952031,0.7153483802,5.251625045,0.6926895308,0.4899501142,0.7379108673,4.803342194,0.6279720371,0.4018016528,0.7529163519,4.19731955,0.5396403668,0.2756594499,0.7678286328,2.81532581,0.3372360392,-0.02003877368
8.308347245,0.6994527343,5.440461915,0.717505682,0.5208244413,0.7152579231,5.265154897,0.6926748674,0.4898284291,0.7378369416,4.815607949,0.6279574866,0.4016809046,0.7528522218,4.207859952,0.5396247163,0.2755295731,0.7677733478,2.821912701,0.3372165769,-0.02020028258
8.3278798,0.6993498119,5.454476484,0.7174904165,0.5206974614,0.7151678897,5.278684465,0.6926603097,0.4897073366,0.7377633698,4.827873422,0.6279430426,0.4015607582,0.7527884024,4.218400049,0.5396091814,0.2754003528,0.7677183339,2.828499213,0.3371972598,-0.02036096474
8.347412354,0.6992473624,5.468490757,0.7174752594,0.5205710872,0.7150782771,5.292213748,0.6926458566,0.4895868322,0.7376901492,4.840138613,0.6279287042,0.4014412094,0.7527248916,4.228939844,0.5395937611,0.275271784,0.767663589,2.835085349,0.3371780862,-0.02052082647
8.366944908,0.6991453826,5.482504734,0.7174602097,0.5204453141,0.7149890824,5.305742751,0.6926315072,0.4894669118,0.7376172774,4.852403525,0.6279144702,0.4013222535,0.7526616872,4.239479339,0.5395784543,0.2751438618,0.7676091111,2.841671112,0.337159055,-0.02067987403
8.386477462,0.6990438692,5.496518418,0.7174452663,0.5203201379,0.7149003025,5.319271474,0.6926172605,0.4893475711,0.7375447519,4.864668161,0.6279003396,0.4012038863,0.752598787,4.250018535,0.5395632597,0.2750165815,0.7675548984,2.848256505,0.3371401645,-0.0208381136
8.406010017,0.698942819,5.510531812,0.7174304283,0.5201955543,0.7148119346,5.33279992,0.6926031154,0.4892288058,0.7374725702,4.876932521,0.6278863116,0.4010861033,0.7525361887,4.260557437,0.5395481763,0.2748899382,0.767500949,2.85484153,0.3371214135,-0.02099555131
8.425542571,0.6988422288,5.524544917,0.7174156946,0.5200715593,0.7147239759,5.34632809,0.6925890711,0.489110612,0.7374007299,4.889196608,0.6278723849,0.4009689003,0.7524738902,4.271096044,0.5395332031,0.274763927,0.7674472608,2.861426191,0.3371028006,-0.02115219323
8.445075125,0.6987420956,5.538557735,0.7174010643,0.5199481485,0.7146364234,5.359855988,0.6925751265,0.4889929853,0.7373292286,4.901460425,0.6278585588,0.400852273,0.7524118893,4.281634361,0.539518339,0.2746385434,0.767393832,2.868010489,0.3370843244,-0.02130804536
8.464607679,0.6986424161,5.552570268,0.7173865365,0.5198253178,0.7145492745,5.373383614,0.6925612808,0.4888759219,0.7372580639,4.913723972,0.6278448323,0.4007362171,0.752350184,4.292172387,0.5395035828,0.2745137826,0.7673406608,2.874594427,0.3370659836,-0.02146311364
8.484140234,0.6985431874,5.566582518,0.71737211,0.5197030633,0.7144625263,5.38691097,0.6925475329,0.4887594175,0.7371872333,4.925987252,0.6278312043,0.4006207286,0.7522887721,4.302710127,0.5394889336,0.2743896401,0.7672877452,2.881178009,0.3370477769,-0.02161740397
8.503672788,0.6984444063,5.580594488,0.7173577842,0.5195813808,0.7143761761,5.400438059,0.692533882,0.4886434683,0.7371167347,4.938250266,0.6278176739,0.4005058031,0.7522276515,4.313247582,0.5394743903,0.2742661111,0.7672350835,2.887761236,0.337029703,-0.02177092216
8.523205342,0.6983460699,5.594606178,0.7173435579,0.5194602663,0.714290221,5.413964882,0.6925203272,0.4885280702,0.7370465656,4.950513018,0.6278042403,0.4003914367,0.7521668201,4.323784753,0.539459952,0.2741431914,0.7671826737,2.894344112,0.3370117605,-0.02192367399
8.542737896,0.6982481751,5.608617592,0.7173294303,0.5193397159,0.7142046585,5.427491441,0.6925068675,0.4884132195,0.7369767237,4.962775508,0.6277909024,0.4002776253,0.752106276,4.334321644,0.5394456176,0.2740208762,0.7671305142,2.900926638,0.3369939483,-0.02207566516
8.562270451,0.6981507189,5.622628731,0.7173154004,0.5192197255,0.7141194858,5.441017738,0.6924935021,0.488298912,0.7369072068,4.975037738,0.6277776594,0.4001643648,0.7520460171,4.344858256,0.539431386,0.2738991612,0.7670786032,2.907508817,0.336976265,-0.02222690133
8.581803005,0.6980536984,5.636639597,0.7173014674,0.5191002914,0.7140347003,5.454543776,0.6924802301,0.4881851442,0.7368380125,4.987299711,0.6277645104,0.4000516513,0.7519860413,4.35539459,0.5394172565,0.273778042,0.7670269388,2.914090653,0.3369587094,-0.0223773881
8.601335559,0.6979571108,5.650650191,0.7172876303,0.5189814096,0.7139502992,5.468069554,0.6924670506,0.488071912,0.7367691388,4.999561427,0.6277514545,0.3999394808,0.7519263467,4.36593065,0.5394032278,0.2736575143,0.7669755193,2.920672147,0.3369412803,-0.02252713102
8.620868114,0.697860953,5.664660517,0.7172738884,0.5188630763,0.7138662802,5.481595077,0.6924539628,0.4879592117,0.7367005832,5.01182289,0.6277384909,0.3998278494,0.7518669314,4.376466437,0.5393892992,0.2735375737,0.766924343,2.927253302,0.3369239765,-0.02267613556
8.640400668,0.6977652222,5.678670574,0.7172602406,0.5187452878,0.7137826404,5.495120344,0.6924409659,0.4878470397,0.7366323437,5.0240841,0.6277256185,0.3997167533,0.7518077933,4.387001952,0.5393754696,0.2734182159,0.7668734081,2.933834119,0.3369067968,-0.02282440718
8.659933222,0.6976699156,5.692680366,0.7172466862,0.5186280402,0.7136993774,5.508645359,0.6924280589,0.4877353921,0.736564418,5.03634506,0.6277128367,0.3996061885,0.7517489305,4.397537199,0.5393617382,0.2732994368,0.766822713,2.940414603,0.33688974,-0.02297195124
8.679465776,0.6975750304,5.706689895,0.7172332244,0.5185113299,0.7136164886,5.522170122,0.692415241,0.4876242654,0.7364968041,5.048605771,0.6277001445,0.3994961514,0.7516903412,4.408072178,0.5393481039,0.2731812321,0.7667722559,2.946994754,0.3368728049,-0.02311877308
8.698998331,0.6974805637,5.720699161,0.7172198541,0.5183951531,0.7135339716,5.535694636,0.6924025115,0.4875136559,0.7364294996,5.060866235,0.6276875412,0.3993866381,0.7516320234,4.418606891,0.539334566,0.2730635976,0.7667220353,2.953574576,0.3368559904,-0.02326487799
8.718530885,0.6973865129,5.734708167,0.7172065748,0.5182795063,0.7134518237,5.549218902,0.6923898695,0.48740356,0.7363625026,5.073126453,0.6276750258,0.3992776449,0.7515739752,4.429141342,0.5393211234,0.2729465294,0.7666720493,2.960154071,0.3368392954,-0.02341027118
8.738063439,0.697292875,5.748716914,0.7171933854,0.5181643857,0.7133700426,5.562742922,0.6923773142,0.487293974,0.736295811,5.085386428,0.6276625976,0.3991691681,0.7515161947,4.43967553,0.5393077753,0.2728300232,0.7666222965,2.966733241,0.3368227186,-0.02355495783
8.757595993,0.6971996475,5.762725405,0.7171802852,0.5180497878,0.7132886258,5.576266697,0.6923648449,0.4871848946,0.7362294226,5.097646162,0.6276502558,0.3990612041,0.7514586802,4.450209459,0.5392945208,0.2727140751,0.7665727752,2.973312088,0.3368062591,-0.02369894306
8.777128548,0.6971068277,5.77673364,0.7171672734,0.517935709,0.7132075708,5.58979023,0.6923524608,0.4870763181,0.7361633353,5.109905654,0.6276379996,0.3989537492,0.7514014298,4.46074313,0.539281359,0.2725986811,0.7665234837,2.979890615,0.3367899156,-0.02384223197
8.796661102,0.6970144128,5.790741622,0.7171543493,0.5178221459,0.7131268752,5.603313522,0.6923401609,0.4869682412,0.7360975472,5.122164909,0.6276258281,0.3988467999,0.7513444416,4.471276544,0.539268289,0.2724838373,0.7664744204,2.986468823,0.3367736871,-0.02398482956
8.816193656,0.6969224002,5.804749353,0.7171415119,0.5177090949,0.7130465367,5.616836574,0.6923279448,0.4868606603,0.7360320563,5.134423926,0.6276137406,0.3987403526,0.751287714,4.481809705,0.5392553101,0.2723695396,0.7664255839,2.993046716,0.3367575726,-0.02412674083
8.83572621,0.6968307873,5.818756834,0.7171287606,0.5175965525,0.7129665529,5.630359389,0.6923158114,0.4867535721,0.7359668604,5.146682708,0.6276017364,0.3986344037,0.751231245,4.492342612,0.5392424214,0.2722557843,0.7663769725,2.999624295,0.3367415709,-0.02426797071
8.855258765,0.6967395715,5.832764067,0.7171160946,0.5174845153,0.7128869215,5.643881967,0.6923037602,0.4866469732,0.7359019577,5.158941256,0.6275898146,0.3985289498,0.751175033,4.502875269,0.539229622,0.2721425674,0.7663285846,3.006201563,0.3367256811,-0.02440852407
8.874791319,0.6966487501,5.846771053,0.7171035131,0.51737298,0.71280764,5.657404311,0.6922917903,0.4865408602,0.7358373461,5.171199573,0.6275779745,0.3984239875,0.7511190762,4.513407676,0.5392169111,0.2720298852,0.7662804188,3.012778521,0.336709902,-0.02454840577
8.894323873,0.6965583207,5.860777794,0.7170910153,0.5172619432,0.7127287063,5.670926421,0.6922799011,0.4864352298,0.7357730237,5.183457659,0.6275662154,0.3983195133,0.7510633728,4.523939837,0.5392042879,0.2719177339,0.7662324735,3.019355172,0.3366942327,-0.02468762058
8.913856427,0.6964682808,5.874784291,0.7170786006,0.5171514014,0.712650118,5.684448301,0.6922680918,0.4863300788,0.7357089886,5.195715516,0.6275545366,0.3982155238,0.7510079211,4.534471751,0.5391917516,0.2718061098,0.7661847472,3.025931518,0.3366786721,-0.02482617327
8.933388982,0.6963786277,5.888790548,0.7170662682,0.5170413515,0.7125718729,5.69796995,0.6922563617,0.4862254039,0.7356452388,5.207973145,0.6275429372,0.3981120156,0.7509527195,4.545003421,0.5391793014,0.2716950092,0.7661372384,3.032507562,0.3366632192,-0.02496406854
8.952921536,0.696289359,5.902796564,0.7170540173,0.5169317901,0.7124939687,5.711491371,0.6922447101,0.4861212018,0.7355817724,5.220230549,0.6275314167,0.3980089855,0.7508977663,4.555534849,0.5391669366,0.2715844283,0.7660899456,3.039083304,0.3366478731,-0.02510131103
8.97245409,0.6962004722,5.916802341,0.7170418472,0.516822714,0.7124164032,5.725012565,0.6922331363,0.4860174694,0.7355185876,5.232487729,0.6275199741,0.3979064301,0.7508430597,4.566066037,0.5391546562,0.2714743636,0.7660428674,3.045658748,0.3366326328,-0.02523790537
8.991986644,0.6961119649,5.930807882,0.7170297573,0.51671412,0.7123391742,5.738533534,0.6922216395,0.4859142035,0.7354556825,5.244744685,0.627508609,0.3978043461,0.7507885981,4.576596985,0.5391424597,0.2713648115,0.7659960022,3.052233895,0.3366174972,-0.02537385613
9.011519199,0.6960238347,5.944813187,0.7170177469,0.5166060048,0.7122622795,5.752054279,0.6922102193,0.485811401,0.7353930552,5.257001421,0.6274973206,0.3977027304,0.7507343799,4.587127696,0.5391303461,0.2712557684,0.7659493487,3.058808748,0.3366024655,-0.02550916783
9.031051753,0.6959360791,5.958818258,0.7170058151,0.5164983654,0.7121857169,5.765574802,0.6921988747,0.4857090587,0.7353307039,5.269257937,0.6274861081,0.3976015797,0.7506804035,4.597658171,0.5391183148,0.2711472307,0.7659029055,3.065383308,0.3365875367,-0.02564384496
9.050584307,0.6958486957,5.972823097,0.7169939614,0.5163911985,0.7121094843,5.779095104,0.6921876052,0.4856071736,0.7352686267,5.281514234,0.627474971,0.3975008908,0.7506266673,4.608188412,0.539106365,0.271039195,0.765856671,3.071957577,0.3365727098,-0.02577789197
9.070116861,0.6957616823,5.986827706,0.7169821851,0.516284501,0.7120335796,5.792615186,0.6921764102,0.4855057425,0.735206822,5.293770315,0.6274639084,0.3974006605,0.7505731695,4.61871842,0.539094496,0.2709316578,0.765810644,3.078531558,0.3365579839,-0.02591131326
9.089649416,0.6956750363,6.000832085,0.7169704855,0.51617827,0.7119580007,5.806135051,0.6921652889,0.4854047626,0.7351452878,5.306026181,0.6274529199,0.3973008859,0.7505199088,4.629248198,0.5390827071,0.2708246157,0.765764823,3.085105252,0.3365433582,-0.02604411319
9.10918197,0.6955887556,6.014836236,0.7169588619,0.5160725023,0.7118827453,5.819654699,0.6921542407,0.4853042307,0.7350840224,5.318281832,0.6274420046,0.3972015636,0.7504668834,4.639777745,0.5390709975,0.2707180652,0.7657192066,3.091678661,0.3365288316,-0.02617629608
9.128714524,0.6955028378,6.028840161,0.7169473137,0.5159671948,0.7118078116,5.833174132,0.692143265,0.4852041439,0.7350230241,5.330537271,0.627431162,0.3971026908,0.7504140919,4.650307065,0.5390593665,0.2706120031,0.7656737935,3.098251788,0.3365144034,-0.02630786622
9.148247078,0.6954172805,6.042843861,0.7169358402,0.5158623447,0.7117331974,5.846693351,0.6921323611,0.4851044993,0.7349622911,5.342792499,0.6274203915,0.3970042643,0.7503615326,4.660836159,0.5390478134,0.2705064258,0.7656285823,3.104824634,0.3365000726,-0.02643882784
9.167779633,0.6953320816,6.056847338,0.7169244408,0.5157579489,0.7116589007,5.860212358,0.6921215285,0.4850052939,0.7349018217,5.355047517,0.6274096923,0.3969062811,0.7503092041,4.671365027,0.5390363376,0.2704013302,0.7655835716,3.1113972,0.3364858383,-0.02656918515
9.187312187,0.6952472388,6.070850593,0.7169131149,0.5156540045,0.7115849194,5.873731154,0.6921107664,0.4849065248,0.7348416142,5.367302327,0.6273990639,0.3968087383,0.7502571049,4.681893672,0.5390249383,0.2702967129,0.7655387603,3.11796949,0.3364716998,-0.02669894232
9.206844741,0.6951627499,6.084853627,0.7169018617,0.5155505085,0.7115112515,5.887249741,0.6921000743,0.4848081891,0.7347816668,5.37955693,0.6273885056,0.3967116329,0.7502052334,4.692422095,0.5390136149,0.2701925707,0.7654941468,3.124541505,0.336457656,-0.02682810347
9.226377295,0.6950786126,6.098856442,0.7168906807,0.515447458,0.7114378952,5.900768119,0.6920894517,0.4847102841,0.7347219779,5.391811328,0.6273780168,0.396614962,0.7501535882,4.702950298,0.5390023667,0.2700889004,0.7654497299,3.131113246,0.3364437063,-0.02695667269
9.24590985,0.6949948248,6.11285904,0.7168795714,0.5153448502,0.7113648483,5.914286291,0.6920788978,0.4846128069,0.7346625459,5.404065521,0.6273675969,0.3965187226,0.7501021678,4.713478282,0.538991193,0.2699856988,0.7654055084,3.137684715,0.3364298497,-0.02708465403
9.265442404,0.6949113842,6.126861421,0.7168685329,0.5152426823,0.7112921089,5.927804257,0.6920684121,0.4845157547,0.734603369,5.416319511,0.6273572453,0.3964229119,0.7500509707,4.724006048,0.5389800932,0.2698829626,0.7653614809,3.144255915,0.3364160854,-0.02721205151
9.284974958,0.6948282887,6.140863587,0.7168575649,0.5151409513,0.7112196752,5.941322019,0.692057994,0.4844191247,0.7345444456,5.4285733,0.6273469615,0.396327527,0.7499999954,4.734533598,0.5389690666,0.2697806889,0.7653176462,3.150826847,0.3364024127,-0.02733886911
9.304507513,0.6947455362,6.15486554,0.7168466666,0.5150396546,0.7111475451,5.954839578,0.6920476429,0.4843229141,0.7344857742,5.440826889,0.6273367447,0.3962325651,0.7499492406,4.745060933,0.5389581126,0.2696788744,0.765274003,3.157397512,0.3363888306,-0.02746511076
9.324040067,0.6946631246,6.16886728,0.7168358375,0.5149387892,0.7110757168,5.968356935,0.6920373582,0.4842271203,0.7344273531,5.453080279,0.6273265945,0.3961380233,0.7498987048,4.755588056,0.5389472306,0.269577516,0.76523055,3.163967913,0.3363753384,-0.02759078038
9.343572621,0.6945810517,6.18286881,0.7168250769,0.5148383525,0.7110041883,5.981874093,0.6920271395,0.4841317405,0.7343691806,5.465333471,0.6273165102,0.396043899,0.7498483866,4.766114966,0.5389364198,0.2694766109,0.765187286,3.170538052,0.3363619354,-0.02771588183
9.363105175,0.6944993155,6.19687013,0.7168143844,0.5147383418,0.7109329579,5.995391051,0.692016986,0.4840367721,0.7343112553,5.477586467,0.6273064914,0.3959501894,0.7497982845,4.776641666,0.5389256798,0.2693761558,0.7651442098,3.177107929,0.3363486206,-0.02784041896
9.38263773,0.6944179138,6.210871242,0.7168037593,0.5146387543,0.7108620236,6.008907812,0.6920068974,0.4839422124,0.7342535755,5.489839267,0.6272965374,0.3958568917,0.7497483973,4.787168156,0.5389150098,0.2692761478,0.7651013202,3.183677548,0.3363353934,-0.02796439557
9.402170284,0.6943368447,6.224872147,0.7167932011,0.5145395873,0.7107913835,6.022424376,0.6919968729,0.4838480588,0.7341961398,5.502091874,0.6272866476,0.3957640031,0.7496987235,4.79769444,0.5389044094,0.2691765839,0.7650586159,3.190246909,0.336322253,-0.02808781542
9.421702838,0.6942561061,6.238872847,0.7167827092,0.5144408382,0.710721036,6.035940745,0.6919869121,0.4837543087,0.7341389464,5.514344289,0.6272768216,0.3956715212,0.7496492617,4.808220516,0.5388938777,0.2690774612,0.7650160958,3.196816014,0.3363091986,-0.02821068225
9.441235392,0.6941756959,6.252873342,0.716772283,0.5143425043,0.7106509791,6.04945692,0.6919770145,0.4836609594,0.734081994,5.526596512,0.6272670587,0.395579443,0.7496000107,4.818746388,0.5388834144,0.2689787768,0.7649737586,3.203384865,0.3362962296,-0.02833299977
9.460767947,0.6940956123,6.266873634,0.716761922,0.5142445831,0.710581211,6.062972903,0.6919671794,0.4835680084,0.7340252809,5.538848545,0.6272573584,0.3954877662,0.749550969,4.829272056,0.5388730188,0.2688805277,0.7649316033,3.209953463,0.336283345,-0.02845477163
9.480300501,0.6940158531,6.280873725,0.7167516258,0.5141470719,0.71051173,6.076488694,0.6919574065,0.4834754532,0.7339688058,5.551100389,0.6272477203,0.3953964879,0.7495021353,4.839797521,0.5388626903,0.2687827111,0.7648896285,3.21652181,0.3362705442,-0.02857600148
9.499833055,0.6939364164,6.294873615,0.7167413936,0.5140499682,0.7104425344,6.090004294,0.691947695,0.4833832912,0.733912567,5.563352046,0.6272381437,0.3953056057,0.7494535084,4.850322786,0.5388524283,0.2686853242,0.7648478333,3.223089909,0.3362578266,-0.02869669292
9.519365609,0.6938573003,6.308873305,0.716731225,0.5139532694,0.7103736222,6.103519706,0.6919380447,0.48329152,0.7338565632,5.575603516,0.6272286282,0.3952151169,0.7494050869,4.86084785,0.5388422322,0.2685883641,0.7648062163,3.229657759,0.3362451912,-0.02881684953
9.538898164,0.6937785028,6.322872798,0.7167211196,0.5138569729,0.7103049919,6.11703493,0.6919284548,0.4832001371,0.7338007928,5.5878548,0.6272191732,0.3951250191,0.7493568694,4.871372716,0.5388321016,0.268491828,0.7647647765,3.236225364,0.3362326376,-0.02893647483
9.558430718,0.693700022,6.336872094,0.7167110766,0.5137610764,0.7102366416,6.130549967,0.691918925,0.4831091399,0.7337452543,5.600105901,0.6272097782,0.3950353096,0.7493088548,4.881897385,0.5388220358,0.2683957132,0.7647235128,3.242792724,0.3362201649,-0.02905557235
9.577963272,0.693621856,6.350871195,0.7167010957,0.5136655772,0.7101685698,6.144064818,0.6919094546,0.4830185262,0.7336899465,5.612356819,0.6272004427,0.3949459861,0.7492610417,4.892421858,0.5388120343,0.2683000169,0.764682424,3.249359842,0.3362077724,-0.02917414556
9.597495826,0.6935440029,6.364870101,0.7166911763,0.5135704729,0.7101007745,6.157579485,0.6919000433,0.4829282933,0.7336348677,5.624607555,0.6271911663,0.3948570459,0.7492134289,4.902946136,0.5388020965,0.2682047364,0.764641509,3.255926718,0.3361954596,-0.02929219791
9.617028381,0.6934664607,6.378868814,0.716681318,0.5134757611,0.7100332543,6.171093969,0.6918906906,0.4828384391,0.7335800167,5.63685811,0.6271819483,0.3947684867,0.7491660151,4.913470221,0.5387922219,0.2681098689,0.7646007668,3.262493355,0.3361832256,-0.02940973282
9.636560935,0.6933892278,6.392867335,0.7166715201,0.5133814393,0.7099660074,6.18460827,0.6918813959,0.482748961,0.7335253919,5.649108486,0.6271727884,0.394680306,0.7491187991,4.923994113,0.53878241,0.2680154119,0.7645601962,3.269059753,0.3361710698,-0.02952675368
9.656093489,0.6933123021,6.406865665,0.7166617823,0.5132875051,0.7098990321,6.198122391,0.6918721588,0.4826598567,0.733470992,5.661358684,0.627163686,0.3945925013,0.7490717796,4.934517814,0.5387726603,0.2679213627,0.7645197961,3.275625914,0.3361589916,-0.02964326384
9.675626043,0.6932356819,6.420863805,0.716652104,0.5131939562,0.7098323269,6.211636331,0.6918629787,0.4825711239,0.7334168156,5.673608704,0.6271546406,0.3945050704,0.7490249554,4.945041326,0.5387629722,0.2678277185,0.7644795655,3.282191841,0.3361469903,-0.02975926663
9.695158598,0.6931593654,6.434861757,0.7166424847,0.5131007902,0.70976589,6.225150093,0.6918538553,0.4824827603,0.7333628613,5.685858548,0.6271456519,0.3944180108,0.7489783254,4.955564649,0.5387533451,0.2677344769,0.7644395034,3.288757534,0.3361350653,-0.02987476537
9.714691152,0.6930833507,6.448859522,0.7166329241,0.5130080047,0.7096997199,6.238663678,0.6918447881,0.4823947635,0.7333091278,5.698108217,0.6271367192,0.3943313201,0.7489318882,4.966087784,0.5387437786,0.2676416353,0.7643996086,3.295322994,0.3361232158,-0.02998976331
9.734223706,0.6930076361,6.462857101,0.7166234215,0.5129155974,0.709633815,6.252177086,0.6918357766,0.4823071314,0.7332556137,5.710357712,0.6271278422,0.394244996,0.7488856428,4.976610733,0.5387342723,0.267549191,0.7643598801,3.301888224,0.3361114413,-0.0301042637
9.75375626,0.6929322197,6.476854494,0.7166139766,0.512823566,0.7095681736,6.265690318,0.6918268203,0.4822198615,0.7332023177,5.722607035,0.6271190204,0.3941590363,0.7488395879,4.987133497,0.5387248255,0.2674571415,0.7643203169,3.308453224,0.3360997412,-0.03021826976
9.773288815,0.6928570999,6.490851704,0.7166045888,0.5127319082,0.7095027942,6.279203376,0.6918179188,0.4821329517,0.7331492384,5.734856185,0.6271102533,0.3940734385,0.7487937223,4.997656078,0.5387154377,0.2673654844,0.7642809179,3.315017997,0.3360881147,-0.03033178468
9.792821369,0.6927822748,6.504848731,0.7165952577,0.5126406217,0.7094376753,6.29271626,0.6918090716,0.4820463998,0.7330963746,5.747105165,0.6271015404,0.3939882005,0.7487480449,5.008178475,0.5387061086,0.267274217,0.7642416822,3.321582544,0.3360765614,-0.03044481162
9.812353923,0.6927077428,6.518845576,0.7165859828,0.5125497043,0.7093728152,6.306228973,0.6918002784,0.4819602035,0.7330437249,5.759353975,0.6270928814,0.3939033199,0.7487025545,5.018700691,0.5386968376,0.267183337,0.7642026087,3.328146865,0.3360650805,-0.03055735371
9.831886477,0.692633502,6.53284224,0.7165767638,0.5124591537,0.7093082124,6.319741514,0.6917915387,0.4818743607,0.7329912879,5.771602617,0.6270842758,0.3938187945,0.74865725,5.029222726,0.5386876242,0.2670928419,0.7641636964,3.334710963,0.3360536715,-0.03066941407
9.851419032,0.6925595509,6.546838725,0.7165676001,0.5123689677,0.7092438654,6.333253884,0.691782852,0.4817888692,0.7329390626,5.783851091,0.6270757231,0.3937346221,0.7486121303,5.039744581,0.5386784679,0.2670027292,0.7641249443,3.341274839,0.3360423338,-0.03078099576
9.870951586,0.6924858877,6.560835031,0.7165584913,0.5122791442,0.7091797728,6.346766086,0.6917742179,0.4817037269,0.7328870474,5.796099398,0.627067223,0.3936508005,0.7485671942,5.050266259,0.5386693683,0.2669129965,0.7640863515,3.347838494,0.3360310668,-0.03089210186
9.89048414,0.6924125108,6.574831161,0.7165494369,0.5121896809,0.7091159329,6.36027812,0.6917656359,0.4816189315,0.7328352413,5.808347541,0.6270587749,0.3935673275,0.7485224406,5.060787759,0.5386603249,0.2668236415,0.7640479169,3.354401929,0.3360198699,-0.03100273538
9.910016694,0.6923394184,6.588827113,0.7165404366,0.5121005756,0.7090523442,6.373789986,0.6917571058,0.4815344811,0.7327836428,5.820595518,0.6270503785,0.393484201,0.7484778684,5.071309083,0.5386513373,0.2667346617,0.7640096396,3.360965147,0.3360087425,-0.03111289932
9.929549249,0.6922666089,6.602822891,0.7165314899,0.5120118263,0.7089890054,6.387301686,0.691748627,0.4814503734,0.7327322509,5.832843332,0.6270420333,0.3934014187,0.7484334764,5.081830232,0.5386424049,0.2666460548,0.7639715187,3.367528148,0.335997684,-0.03122259668
9.949081803,0.6921940806,6.616818494,0.7165225964,0.5119234308,0.7089259149,6.400813222,0.6917401992,0.4813666064,0.7326810642,5.845090983,0.6270337389,0.3933189786,0.7483892637,5.092351208,0.5386335274,0.2665578185,0.7639335531,3.374090933,0.335986694,-0.0313318304
9.968614357,0.6921218321,6.630813924,0.7165137556,0.5118353869,0.7088630713,6.414324593,0.6917318219,0.4812831781,0.7326300815,5.857338473,0.627025495,0.3932368785,0.7483452291,5.10287201,0.5386247043,0.2664699504,0.7638957419,3.380653505,0.3359757717,-0.0314406034
9.988146912,0.6920498615,6.644809182,0.7165049671,0.5117476926,0.7088004732,6.427835801,0.6917234947,0.4812000864,0.7325793017,5.869585803,0.6270173011,0.3931551164,0.7483013715,5.11339264,0.5386159351,0.2663824482,0.7638580842,3.387215864,0.3359649167,-0.0315489186
10.00767947,0.6919781673,6.658804269,0.7164962306,0.5116603458,0.708738119,6.441346846,0.6917152172,0.4811173292,0.7325287234,5.881832972,0.6270091567,0.3930736901,0.7482576899,5.1239131,0.5386072194,0.2662953098,0.763820579,3.393778011,0.3359541284,-0.03165677887
10.02721202,0.691906748,6.672799185,0.7164875457,0.5115733445,0.7086760073,6.454857731,0.6917069891,0.4810349046,0.7324783455,5.894079984,0.6270010616,0.3929925976,0.7482141833,5.13443339,0.5385985568,0.2662085327,0.7637832255,3.400339949,0.3359434063,-0.03176418706
10.04674457,0.6918356019,6.686793933,0.7164789118,0.5114866866,0.7086141369,6.468368455,0.6916988099,0.4809528105,0.7324281669,5.906326837,0.6269930153,0.3929118369,0.7481708505,5.144953512,0.5385899469,0.2661221148,0.7637460227,3.406901677,0.3359327498,-0.03187114602
10.06627713,0.6917647275,6.700788512,0.7164703286,0.51140037,0.7085525061,6.48187902,0.6916906793,0.480871045,0.7323781862,5.918573534,0.6269850174,0.3928314059,0.7481276906,5.155473465,0.5385813891,0.2660360539,0.7637089697,3.413463198,0.3359221584,-0.03197765854
10.08580968,0.6916941233,6.714782924,0.7164617958,0.5113143927,0.7084911138,6.495389427,0.6916825969,0.4807896061,0.7323284024,5.930820075,0.6269770675,0.3927513026,0.7480847024,5.165993252,0.5385728832,0.2659503477,0.7636720655,3.420024513,0.3359116315,-0.03208372741
10.10534224,0.6916237876,6.72877717,0.7164533128,0.5112287528,0.7084299584,6.508899676,0.6916745622,0.4807084918,0.7322788144,5.943066462,0.6269691652,0.392671525,0.7480418851,5.176512874,0.5385644286,0.2658649941,0.7636353094,3.426585623,0.3359011687,-0.03218935539
10.12487479,0.6915537189,6.742771251,0.7164448795,0.5111434482,0.7083690386,6.522409769,0.691666575,0.4806277002,0.7322294208,5.955312694,0.6269613103,0.3925920712,0.7479992375,5.187032331,0.538556025,0.2657799908,0.7635987004,3.433146529,0.3358907694,-0.03229454522
10.14440735,0.6914839158,6.756765168,0.7164364952,0.5110584771,0.7083083531,6.535919706,0.6916586348,0.4805472294,0.7321802207,5.967558774,0.6269535022,0.3925129391,0.7479567587,5.197551624,0.538547672,0.2656953358,0.7635622376,3.439707233,0.3358804331,-0.03239929962
10.1639399,0.6914143767,6.770758921,0.7164281597,0.5109738374,0.7082479005,6.549429489,0.6916507413,0.4804670774,0.7321312129,5.979804701,0.6269457406,0.3924341268,0.7479144476,5.208070754,0.5385393691,0.265611027,0.7635259202,3.446267735,0.3358701594,-0.03250362128
10.18347245,0.6913451001,6.784752512,0.7164198727,0.5108895272,0.7081876794,6.562939118,0.6916428941,0.4803872425,0.7320823962,5.992050477,0.6269380252,0.3923556324,0.7478723033,5.218589723,0.538531116,0.2655270621,0.7634897473,3.452828037,0.3358599476,-0.03260751288
10.20300501,0.6912760846,6.798745941,0.7164116336,0.5108055445,0.7081276886,6.576448594,0.6916350929,0.4803077226,0.7320337695,6.004296103,0.6269303555,0.392277454,0.7478303248,5.229108531,0.5385229122,0.2654434391,0.763453718,3.459388141,0.3358497973,-0.03271097705
10.22253756,0.6912073286,6.81273921,0.7164034422,0.5107218876,0.7080679266,6.589957918,0.6916273372,0.480228516,0.7319853318,6.01654158,0.6269227313,0.3921995897,0.7477885111,5.239627179,0.5385147574,0.2653601559,0.7634178315,3.465948047,0.335839708,-0.03281401644
10.24207012,0.6911388307,6.82673232,0.7163952981,0.5106385544,0.7080083923,6.603467091,0.6916196268,0.4801496208,0.7319370818,6.028786908,0.6269151522,0.3921220375,0.7477468612,5.250145669,0.5385066511,0.2652772104,0.7633820869,3.472507756,0.3358296792,-0.03291663364
10.26160267,0.6910705895,6.840725271,0.7163872008,0.5105555431,0.7079490843,6.616976114,0.6916119613,0.4800710352,0.7318890187,6.041032089,0.6269076177,0.3920447956,0.7477053742,5.260664,0.5384985931,0.2651946007,0.7633464834,3.47906727,0.3358197105,-0.03301883124
10.28113523,0.6910026034,6.854718064,0.7163791502,0.5104728519,0.7078900013,6.630484988,0.6916043403,0.4799927573,0.7318411411,6.053277123,0.6269001276,0.3919678622,0.7476640492,5.271182175,0.5384905828,0.2651123246,0.7633110202,3.48562659,0.3358098014,-0.0331206118
10.30066778,0.6909348712,6.8687107,0.7163711457,0.5103904788,0.707831142,6.643993713,0.6915967635,0.4799147853,0.7317934482,6.065522011,0.6268926815,0.3918912354,0.7476228851,5.281700194,0.53848262,0.2650303802,0.7632756964,3.492185716,0.3357999513,-0.03322197788
10.32020033,0.6908673912,6.882703181,0.7163631871,0.5103084221,0.7077725053,6.657502291,0.6915892306,0.4798371175,0.7317459388,6.077766753,0.6268852791,0.3918149134,0.7475818811,5.292218057,0.5384747043,0.2649487654,0.7632405112,3.498744652,0.3357901598,-0.03332293199
10.33973289,0.6908001623,6.896695506,0.716355274,0.5102266799,0.7077140897,6.671010722,0.6915817412,0.4797597521,0.7316986118,6.090011352,0.62687792,0.3917388944,0.7475410362,5.302735767,0.5384668352,0.2648674784,0.7632054638,3.505303396,0.3357804265,-0.03342347663
10.35926544,0.6907331828,6.910687677,0.716347406,0.5101452505,0.7076558941,6.684519007,0.6915742949,0.4796826872,0.7316514663,6.102255808,0.6268706039,0.3916631765,0.7475003495,5.313253323,0.5384590125,0.264786517,0.7631705534,3.511861951,0.3357707509,-0.03352361428
10.378798,0.6906664515,6.924679696,0.7163395829,0.510064132,0.7075979172,6.698027147,0.6915668915,0.4796059213,0.7316045011,6.114500121,0.6268633305,0.391587758,0.74745982,5.323770727,0.5384512357,0.2647058794,0.7631357792,3.518420317,0.3357611325,-0.03362334742
10.39833055,0.690599967,6.938671561,0.7163318042,0.5099833226,0.7075401578,6.711535143,0.6915595307,0.4795294524,0.7315577152,6.126744292,0.6268560994,0.3915126371,0.747419447,5.334287979,0.5384435045,0.2646255636,0.7631011404,3.524978496,0.3357515709,-0.03372267847
10.41786311,0.6905337279,6.952663275,0.7163240696,0.5099028207,0.7074826146,6.725042995,0.691552212,0.479453279,0.7315111077,6.138988323,0.6268489102,0.3914378121,0.7473792293,5.344805081,0.5384358186,0.2645455677,0.7630666362,3.531536489,0.3357420657,-0.03382160987
10.43739566,0.6904677329,6.966654839,0.7163163788,0.5098226244,0.7074252865,6.738550705,0.6915449352,0.4793773993,0.7314646775,6.151232213,0.6268417628,0.3913632811,0.7473391663,5.355322033,0.5384281775,0.2644658898,0.7630322658,3.538094297,0.3357326164,-0.03392014402
10.45692821,0.6904019805,6.980646253,0.7163087316,0.5097427319,0.7073681723,6.752058274,0.6915376999,0.4793018116,0.7314184235,6.163475964,0.6268346567,0.3912890426,0.7472992569,5.365838836,0.538420581,0.264386528,0.7629980285,3.544651921,0.3357232225,-0.0340182833
10.47646077,0.6903364695,6.994637518,0.7163011274,0.5096631417,0.7073112707,6.765565701,0.6915305059,0.4792265141,0.7313723448,6.175719577,0.6268275916,0.3912150948,0.7472595003,5.376355492,0.5384130287,0.2643074804,0.7629639235,3.551209361,0.3357138836,-0.03411603007
10.49599332,0.6902711986,7.008628634,0.7162935661,0.5095838519,0.7072545806,6.779072988,0.6915233528,0.4791515054,0.7313264405,6.187963052,0.6268205673,0.3911414359,0.7472198957,5.386872,0.5384055203,0.2642287452,0.7629299499,3.55776662,0.3357045994,-0.03421338668
10.51552588,0.6902061663,7.022619604,0.7162860472,0.5095048608,0.7071981007,6.792580136,0.6915162404,0.4790767836,0.7312807094,6.200206391,0.6268135833,0.3910680643,0.7471804421,5.397388362,0.5383980553,0.2641503206,0.7628961071,3.564323698,0.3356953693,-0.03431035547
10.53505843,0.6901413715,7.036610427,0.7162785706,0.5094261669,0.70714183,6.806087145,0.6915091682,0.4790023472,0.7312351506,6.212449593,0.6268066395,0.3909949783,0.7471411386,5.407904579,0.5383906336,0.2640722046,0.7628623944,3.570880597,0.335686193,-0.03440693874
10.55459098,0.6900768128,7.050601104,0.7162711358,0.5093477683,0.7070857673,6.819594017,0.6915021361,0.4789281945,0.7311897632,6.224692661,0.6267997354,0.3909221762,0.7471019845,5.418420651,0.5383832547,0.2639943955,0.7628288108,3.577437316,0.33567707,-0.03450313877
10.57412354,0.6900124888,7.064591637,0.7162637425,0.5092696635,0.7070299113,6.833100752,0.6914951436,0.4788543239,0.7311445462,6.236935593,0.6267928708,0.3908496564,0.7470629789,5.428936579,0.5383759183,0.2639168915,0.7627953558,3.583993858,0.335668,-0.03459895785
10.59365609,0.6899483984,7.078582025,0.7162563905,0.5091918507,0.7069742611,6.84660735,0.6914881906,0.4787807338,0.7310994986,6.249178392,0.6267860454,0.3907774173,0.747024121,5.439452365,0.5383686241,0.2638396908,0.7627620286,3.590550223,0.3356589825,-0.03469439823
10.61318865,0.6898845403,7.092572271,0.7162490795,0.5091143284,0.7069188153,6.860113813,0.6914812767,0.4787074226,0.7310546195,6.261421058,0.6267792589,0.3907054572,0.7469854098,5.449968008,0.5383613718,0.2637627915,0.7627288284,3.597106413,0.3356500171,-0.03478946214
10.6327212,0.6898209132,7.106562373,0.716241809,0.509037095,0.706863573,6.873620141,0.6914744016,0.4786343888,0.731009908,6.273663592,0.626772511,0.3906337745,0.7469468446,5.460483511,0.5383541611,0.2636861921,0.7626957545,3.603662428,0.3356411034,-0.03488415181
10.65225376,0.6897575158,7.120552335,0.7162345789,0.5089601487,0.706808533,6.887126336,0.691467565,0.4785616306,0.730965363,6.285905995,0.6267658014,0.3905623676,0.7469084246,5.470998872,0.5383469916,0.2636098906,0.7626628062,3.610218269,0.335632241,-0.03497846944
10.67178631,0.689694347,7.134542155,0.7162273888,0.5088834881,0.7067536941,6.900632397,0.6914607667,0.4784891467,0.7309209837,6.298148267,0.6267591298,0.390491235,0.7468701489,5.481514095,0.538339863,0.2635338854,0.7626299829,3.616773938,0.3356234296,-0.03507241721
10.69131886,0.6896314054,7.148531836,0.7162202385,0.5088071114,0.7066990553,6.914138326,0.6914540063,0.4784169354,0.7308767692,6.310390408,0.6267524959,0.390420375,0.7468320167,5.492029178,0.538332775,0.2634581748,0.7625972837,3.623329435,0.3356146686,-0.03516599729
10.71085142,0.6895686898,7.162521377,0.7162131276,0.5087310173,0.7066446156,6.927644123,0.6914472836,0.4783449952,0.7308327184,6.322632421,0.6267458995,0.3903497862,0.7467940272,5.502544123,0.5383257273,0.263382757,0.762564708,3.629884762,0.3356059579,-0.03525921183
10.73038397,0.6895061991,7.17651078,0.7162060559,0.508655204,0.7065903737,6.941149789,0.6914405983,0.4782733246,0.7307888307,6.334874305,0.6267393403,0.3902794668,0.7467561797,5.513058931,0.5383187196,0.2633076303,0.762532255,3.636439919,0.3355972969,-0.03535206297
10.74991653,0.689443932,7.190500044,0.716199023,0.50857967,0.7065363286,6.954655325,0.6914339501,0.478201922,0.7307451049,6.347116062,0.6267328179,0.3902094155,0.7467184733,5.523573603,0.5383117516,0.2632327932,0.7624999242,3.642994907,0.3355886853,-0.03544455282
10.76944908,0.6893818873,7.204489172,0.7161920287,0.5085044138,0.7064824793,6.968160732,0.6914273387,0.478130786,0.7307015403,6.359357691,0.6267263321,0.3901396306,0.7466809072,5.534088138,0.538304823,0.2631582438,0.7624677147,3.649549728,0.3355801227,-0.03553668349
10.78898164,0.6893200639,7.218478164,0.7161850727,0.5084294339,0.7064288246,6.98166601,0.6914207639,0.4780599151,0.7306581359,6.371599194,0.6267198826,0.3900701107,0.7466434807,5.544602539,0.5382979335,0.2630839806,0.762435626,3.656104381,0.3355716087,-0.03562845706
10.80851419,0.6892584605,7.23246702,0.7161781548,0.5083547287,0.7063753636,6.995171159,0.6914142255,0.4779893078,0.7306148908,6.383840571,0.6267134693,0.3900008542,0.7466061929,5.555116806,0.5382910829,0.2630100019,0.7624036573,3.662658869,0.3355631431,-0.03571987559
10.82804674,0.6891970759,7.246455742,0.7161712746,0.5082802967,0.7063220952,7.008676182,0.691407723,0.4779189627,0.7305718043,6.396081824,0.6267070917,0.3899318597,0.7465690432,5.565630939,0.5382842707,0.262936306,0.762371808,3.669213192,0.3355547253,-0.03581094116
10.8475793,0.6891359091,7.260444329,0.7161644319,0.5082061365,0.7062690184,7.022181077,0.6914012563,0.4778488782,0.7305288753,6.408322952,0.6267007496,0.3898631257,0.7465320307,5.576144939,0.5382774968,0.2628628914,0.7623400774,3.675767351,0.3355463551,-0.03590165578
10.86711185,0.6890749588,7.274432783,0.7161576263,0.5081322465,0.706216132,7.035685847,0.6913948252,0.4777790529,0.7304861031,6.420563957,0.6266944428,0.3897946506,0.7464951547,5.586658808,0.5382707608,0.2627897565,0.7623084648,3.682321347,0.3355380321,-0.03599202148
10.88664441,0.6890142239,7.288421105,0.7161508577,0.5080586252,0.7061634352,7.049190491,0.6913884293,0.4777094854,0.7304434868,6.432804839,0.626688171,0.3897264332,0.7464584144,5.597172545,0.5382640624,0.2627168996,0.7622769696,3.688875181,0.3355297559,-0.03608204028
10.90617696,0.6889537033,7.302409294,0.7161441258,0.5079852713,0.7061109268,7.062695011,0.6913820683,0.4776401743,0.7304010255,6.445045599,0.626681934,0.3896584718,0.7464218091,5.607686152,0.5382574015,0.2626443192,0.7622455912,3.695428854,0.3355215263,-0.03617171415
10.92570952,0.6888933957,7.316397353,0.7161374302,0.5079121832,0.7060586059,7.076199407,0.6913757422,0.4775711181,0.7303587185,6.457286237,0.6266757314,0.389590765,0.7463853381,5.618199629,0.5382507776,0.2625720138,0.7622143288,3.701982366,0.3355133427,-0.03626104508
10.94524207,0.6888333002,7.330385281,0.7161307708,0.5078393595,0.7060064715,7.08970368,0.6913694505,0.4775023155,0.7303165647,6.469526754,0.6266695631,0.3895233115,0.7463490006,5.628712978,0.5382441906,0.2624999816,0.7621831819,3.708535719,0.335505205,-0.03635003502
10.96477462,0.6887734156,7.344373079,0.7161241473,0.5077667988,0.7059545225,7.10320783,0.691363193,0.4774337651,0.7302745635,6.481767152,0.6266634288,0.3894561099,0.7463127958,5.639226197,0.5382376402,0.2624282213,0.7621521498,3.715088914,0.3354971127,-0.03643868593
10.98430718,0.6887137407,7.358360749,0.7161175594,0.5076944996,0.705902758,7.116711858,0.6913569695,0.4773654654,0.7302327141,6.494007429,0.6266573281,0.3893891586,0.7462767231,5.64973929,0.538231126,0.2623567313,0.7621212318,3.721641951,0.3354890656,-0.03652699973
11.00383973,0.6886542745,7.37234829,0.7161110069,0.5076224606,0.705851177,7.130215765,0.6913507798,0.4772974151,0.7301910155,6.506247588,0.626651261,0.3893224563,0.7462407817,5.660252255,0.5382246478,0.26228551,0.7620904274,3.728194831,0.3354810632,-0.03661497833
11.02337229,0.6885950159,7.386335703,0.7161044894,0.5075506803,0.7057997785,7.143719552,0.6913446236,0.4772296128,0.7301494669,6.518487629,0.6266452272,0.3892560017,0.7462049709,5.670765094,0.5382182054,0.2622145559,0.7620597359,3.734747555,0.3354731053,-0.03670262365
11.04290484,0.6885359638,7.40032299,0.7160980069,0.5074791573,0.7057485616,7.157223218,0.6913385006,0.4771620573,0.7301080676,6.530727552,0.6266392263,0.3891897933,0.7461692901,5.681277808,0.5382117985,0.2621438676,0.7620291568,3.741300125,0.3354651915,-0.03678993757
11.0624374,0.6884771171,7.41431015,0.7160915589,0.5074078903,0.7056975253,7.170726765,0.6913324106,0.477094747,0.7300668168,6.542967359,0.6266332582,0.3891238298,0.7461337384,5.691790397,0.5382054268,0.2620734436,0.7619986892,3.74785254,0.3354573215,-0.03687692196
11.08196995,0.6884184747,7.428297184,0.7160851453,0.5073368778,0.7056466686,7.184230194,0.6913263535,0.4770276808,0.7300257136,6.555207049,0.6266273226,0.3890581098,0.7460983152,5.702302861,0.5381990901,0.2620032823,0.7619683328,3.754404802,0.335449495,-0.03696357869
11.1015025,0.6883600356,7.442284094,0.7160787659,0.5072661186,0.7055959906,7.197733505,0.6913203288,0.4769608573,0.7299847573,6.567446623,0.6266214193,0.388992632,0.7460630199,5.712815203,0.5381927881,0.2619333823,0.7619380869,3.760956911,0.3354417116,-0.03704990959
11.12103506,0.6883017987,7.456270879,0.7160724203,0.5071956112,0.7055454904,7.211236698,0.6913143365,0.4768942751,0.7299439471,6.579686083,0.626615548,0.3889273951,0.7460278516,5.723327421,0.5381865206,0.2618637422,0.7619079508,3.767508869,0.3354339711,-0.0371359165
11.14056761,0.688243763,7.470257541,0.7160661084,0.5071253544,0.705495167,7.224739774,0.6913083763,0.4768279329,0.7299032822,6.591925428,0.6266097086,0.3888623977,0.7459928098,5.733839518,0.5381802873,0.2617943605,0.7618779239,3.774060676,0.3354262731,-0.03722160124
11.16010017,0.6881859274,7.48424408,0.7160598298,0.5070553468,0.7054450195,7.238242735,0.6913024479,0.4767618296,0.7298627618,6.604164659,0.6266039008,0.3887976385,0.7459578937,5.744351493,0.5381740879,0.2617252357,0.7618480058,3.780612333,0.3354186173,-0.0373069656
11.17963272,0.6881282909,7.498230496,0.7160535845,0.506985587,0.7053950469,7.25174558,0.6912965512,0.4766959637,0.7298223851,6.616403778,0.6265981243,0.3887331162,0.7459231027,5.754863347,0.5381679223,0.2616563666,0.7618181957,3.787163841,0.3354110034,-0.03739201139
11.19916528,0.6880708524,7.512216791,0.716047372,0.5069160737,0.7053452484,7.26524831,0.6912906858,0.476630334,0.7297821515,6.628642783,0.626592379,0.3886688295,0.7458884361,5.765375081,0.5381617902,0.2615877515,0.7617884932,3.7937152,0.3354034312,-0.03747674038
11.21869783,0.688013611,7.526202964,0.7160411923,0.5068468057,0.7052956231,7.278750926,0.6912848517,0.4765649392,0.7297420601,6.640881677,0.6265866646,0.3886047771,0.7458538932,5.775886696,0.5381556912,0.2615193892,0.7617588975,3.800266412,0.3353959002,-0.03756115434
11.23823038,0.6879565657,7.540189018,0.7160350451,0.5067777817,0.70524617,7.292253428,0.6912790484,0.4764997781,0.7297021102,6.653120459,0.6265809809,0.3885409578,0.7458194734,5.786398192,0.5381496253,0.2614512783,0.7617294083,3.806817478,0.3353884103,-0.03764525501
11.25776294,0.6878997153,7.554174951,0.7160289301,0.5067090003,0.7051968883,7.305755817,0.691273276,0.4764348495,0.729662301,6.665359131,0.6265753276,0.3884773703,0.745785176,5.79690957,0.5381435921,0.2613834173,0.7617000248,3.813368397,0.335380961,-0.03772904413
11.27729549,0.687843059,7.568160766,0.7160228471,0.5066404603,0.705147777,7.319258093,0.691267534,0.476370152,0.7296226318,6.677597693,0.6265697047,0.3884140132,0.7457510004,5.80742083,0.5381375915,0.2613158049,0.7616707465,3.819919172,0.3353735522,-0.03781252343
11.29682805,0.6877865957,7.582146462,0.716016796,0.5065721604,0.7050988353,7.332760258,0.6912618224,0.4763056844,0.7295831018,6.689836145,0.6265641117,0.3883508855,0.7457169459,5.817931973,0.5381316231,0.2612484397,0.7616415728,3.826469802,0.3353661834,-0.03789569463
11.3163606,0.6877303245,7.59613204,0.7160107763,0.5065040994,0.7050500623,7.346262312,0.6912561408,0.4762414456,0.7295437104,6.702074488,0.6265585486,0.3882879857,0.7456830119,5.828443,0.5381256868,0.2611813204,0.7616125032,3.833020288,0.3353588545,-0.03797855942
11.33589316,0.6876742443,7.610117501,0.7160047881,0.5064362759,0.7050014571,7.359764255,0.6912504892,0.4761774343,0.7295044568,6.714312723,0.6265530151,0.3882253128,0.7456491977,5.838953912,0.5381197824,0.2611144456,0.7615835372,3.839570632,0.3353515652,-0.03806111949
11.35542571,0.6876183542,7.624102845,0.715998831,0.5063686888,0.7049530189,7.373266087,0.6912448672,0.4761136493,0.7294653403,6.72655085,0.626547511,0.3881628654,0.7456155028,5.849464708,0.5381139095,0.2610478141,0.7615546741,3.846120834,0.3353443151,-0.03814337651
11.37495826,0.6875626533,7.638088073,0.7159929048,0.5063013368,0.7049047468,7.38676781,0.6912392747,0.4760500894,0.7294263601,6.738788869,0.6265420362,0.3881006423,0.7455819264,5.85997539,0.538108068,0.2609814244,0.7615259135,3.852670894,0.335337104,-0.03822533216
11.39449082,0.6875071405,7.652073186,0.7159870094,0.5062342188,0.7048566399,7.400269425,0.6912337114,0.4759867534,0.7293875156,6.751026782,0.6265365903,0.3880386424,0.7455484679,5.870485959,0.5381022576,0.2609152753,0.7614972547,3.859220814,0.3353299316,-0.03830698807
11.41402337,0.6874518149,7.666058183,0.7159811444,0.5061673334,0.7048086975,7.413770931,0.6912281773,0.4759236402,0.729348806,6.76326459,0.6265311732,0.3879768645,0.7455151268,5.880996414,0.5380964782,0.2608493654,0.7614686973,3.865770595,0.3353227976,-0.0383883459
11.43355593,0.6873966756,7.680043067,0.7159753098,0.5061006794,0.7047609186,7.427272329,0.6912226719,0.4758607485,0.7293102306,6.775502291,0.6265257847,0.3879153073,0.7454819024,5.891506756,0.5380907295,0.2607836935,0.7614402407,3.872320236,0.3353157017,-0.03846940726
11.45308848,0.6873417217,7.694027837,0.7159695052,0.5060342558,0.7047133024,7.44077362,0.6912171953,0.4757980772,0.7292717888,6.787739887,0.6265204245,0.3878539697,0.7454487941,5.902016987,0.5380850113,0.2607182583,0.7614118844,3.878869739,0.3353086438,-0.03855017378
11.47262104,0.6872869521,7.708012493,0.7159637305,0.5059680612,0.7046658482,7.454274804,0.691211747,0.4757356251,0.7292334799,6.79997738,0.6265150926,0.3877928505,0.7454158013,5.912527106,0.5380793234,0.2606530585,0.7613836279,3.885419105,0.3353016234,-0.03863064705
11.49215359,0.687232366,7.721997038,0.7159579855,0.5059020945,0.704618555,7.467775882,0.6912063271,0.4756733911,0.7291953031,6.812214768,0.6265097886,0.3877319486,0.7453829234,5.923037114,0.5380736656,0.2605880929,0.7613554705,3.891968334,0.3352946404,-0.03871082866
11.51168614,0.6871779624,7.73598147,0.7159522699,0.5058363545,0.704571422,7.481276854,0.6912009352,0.4756113741,0.7291572578,6.824452053,0.6265045125,0.3876712627,0.7453501598,5.933547012,0.5380680376,0.2605233601,0.7613274119,3.898517427,0.3352876945,-0.03879072021
11.5312187,0.6871237405,7.749965791,0.7159465836,0.50577084,0.7045244485,7.494777721,0.6911955712,0.4755495729,0.7291193432,6.836689235,0.6264992639,0.3876107918,0.7453175099,5.944056801,0.5380624392,0.260458859,0.7612994514,3.905066384,0.3352807853,-0.03887032326
11.55075125,0.6870696993,7.763950001,0.7159409263,0.50570555,0.7044776337,7.508278484,0.6911902349,0.4754879864,0.7290815589,6.848926314,0.6264940428,0.3875505347,0.7452849732,5.95456648,0.5380568703,0.2603945882,0.7612715886,3.911615207,0.3352739128,-0.03894963936
11.57028381,0.6870158379,7.777934101,0.715935298,0.5056404832,0.7044309766,7.521779143,0.691184926,0.4754266135,0.7290439039,6.861163293,0.6264888489,0.3874904903,0.7452525489,5.965076051,0.5380513306,0.2603305466,0.761243823,3.918163896,0.3352670765,-0.03902867006
11.58981636,0.6869621554,7.791918092,0.7159296983,0.5055756385,0.7043844766,7.535279698,0.6911796445,0.475365453,0.7290063778,6.87340017,0.626483682,0.3874306574,0.7452202366,5.975585514,0.5380458199,0.260266733,0.761216154,3.924712452,0.3352602763,-0.0391074169
11.60934891,0.686908651,7.805901973,0.715924127,0.5055110147,0.7043381329,7.548780151,0.6911743901,0.475304504,0.7289689798,6.885636946,0.6264785419,0.387371035,0.7451880356,5.986094869,0.5380403381,0.2602031461,0.7611885812,3.931260876,0.3352535119,-0.0391858814
11.62888147,0.6868553237,7.819885745,0.7159185841,0.5054466108,0.7042919446,7.562280501,0.6911691625,0.4752437651,0.7289317093,6.897873622,0.6264734285,0.3873116218,0.7451559454,5.996604118,0.5380348849,0.2601397847,0.761161104,3.937809167,0.335246783,-0.03926406508
11.64841402,0.6868021726,7.83386941,0.7159130693,0.5053824256,0.7042459109,7.57578075,0.6911639618,0.4751832355,0.7288945657,6.910110199,0.6264683416,0.3872524169,0.7451239655,6.007113261,0.5380294601,0.2600766476,0.7611337219,3.944357328,0.3352400894,-0.03934196944
11.66794658,0.686749197,7.847852968,0.7159075824,0.5053184579,0.7042000312,7.589280897,0.6911587876,0.475122914,0.7288575482,6.922346676,0.626463281,0.3871934192,0.7450920952,6.017622297,0.5380240636,0.2600137337,0.7611064346,3.950905358,0.3352334308,-0.03941959597
11.68747913,0.6866963959,7.861836418,0.7159021231,0.5052547068,0.7041543046,7.602780943,0.6911536398,0.4750627995,0.7288206563,6.934583055,0.6264582464,0.3871346275,0.745060334,6.028131229,0.538018695,0.2599510418,0.7610792414,3.957453258,0.3352268071,-0.03949694616
11.70701169,0.6866437684,7.875819762,0.7158966914,0.505191171,0.7041087303,7.616280889,0.6911485182,0.475002891,0.7287838892,6.946819335,0.6264532378,0.3870760408,0.7450286813,6.038640056,0.5380133544,0.2598885706,0.7610521418,3.96400103,0.3352202179,-0.03957402146
11.72654424,0.6865913137,7.889803,0.7158912871,0.5051278496,0.7040633076,7.629780735,0.6911434227,0.4749431874,0.7287472465,6.959055519,0.626448255,0.3870176579,0.7449971366,6.049148779,0.5380080413,0.259826319,0.7610251355,3.970548673,0.335213663,-0.03965082336
11.74607679,0.686539031,7.903786133,0.7158859099,0.5050647413,0.7040180358,7.643280482,0.6911383529,0.4748836876,0.7287107274,6.971291605,0.6264432977,0.3869594779,0.7449656993,6.059657399,0.5380027558,0.259764286,0.7609982219,3.977096188,0.3352071422,-0.03972735329
11.76560935,0.6864869194,7.917769161,0.7158805597,0.5050018453,0.7039729141,7.65678013,0.6911333089,0.4748243907,0.7286743313,6.983527594,0.6264383659,0.3869014998,0.7449343689,6.070165916,0.5379974975,0.2597024702,0.7609714006,3.983643576,0.3352006553,-0.03980361269
11.7851419,0.6864349781,7.931752085,0.7158752363,0.5049391602,0.7039279417,7.67027968,0.6911282904,0.4747652956,0.7286380576,6.995763488,0.6264334592,0.3868437223,0.7449031448,6.08067433,0.5379922662,0.2596408706,0.760944671,3.990190838,0.335194202,-0.03987960301
11.80467446,0.6863832062,7.945734905,0.7158699395,0.5048766852,0.703883118,7.683779132,0.6911232971,0.4747064012,0.7286019057,7.007999285,0.6264285776,0.3867861446,0.7448720265,6.091182642,0.5379870619,0.2595794861,0.7609180327,3.996737974,0.335187782,-0.03995532565
11.82420701,0.6863316029,7.959717622,0.7158646692,0.5048144192,0.7038384421,7.697278486,0.6911183291,0.4746477066,0.7285658749,7.020234988,0.626423721,0.3867287655,0.7448410135,6.101690853,0.5379818843,0.2595183155,0.7608914852,4.003284986,0.3351813952,-0.04003078202
11.84373957,0.6862801674,7.973700236,0.7158594251,0.504752361,0.7037939133,7.710777744,0.6911133861,0.4745892107,0.7285299647,7.032470596,0.626418889,0.386671584,0.7448101052,6.112198963,0.5379767332,0.2594573578,0.7608650281,4.009831872,0.3351750413,-0.04010597353
11.86327212,0.6862288989,7.987682748,0.7158542071,0.5046905097,0.703749531,7.724276906,0.6911084678,0.4745309125,0.7284941745,7.04470611,0.6264140815,0.3866145992,0.7447793011,6.122706973,0.5379716085,0.2593966117,0.760838661,4.016378635,0.3351687202,-0.04018090157
11.88280467,0.6861777965,8.001665158,0.7158490151,0.5046288643,0.7037052944,7.737775972,0.6911035743,0.474472811,0.7284585037,7.05694153,0.6264092985,0.38655781,0.7447486006,6.133214882,0.5379665099,0.2593360763,0.7608123832,4.022925275,0.3351624315,-0.04025556752
11.90233723,0.6861268595,8.015647468,0.7158438488,0.5045674237,0.7036612027,7.751274942,0.6910987052,0.4744149053,0.7284229516,7.069176857,0.6264045397,0.3865012154,0.7447180033,6.143722693,0.5379614373,0.2592757503,0.7607861945,4.029471792,0.335156175,-0.04032997274
11.92186978,0.686076087,8.029629676,0.7158387081,0.5045061868,0.7036172553,7.764773818,0.6910938604,0.4743571943,0.7283875176,7.081412092,0.6263998049,0.3864448145,0.7446875086,6.154230404,0.5379563906,0.2592156328,0.7607600943,4.036018187,0.3351499506,-0.04040411861
11.94140234,0.6860254783,8.043611785,0.7158335927,0.5044451528,0.7035734514,7.778272599,0.6910890399,0.474299677,0.7283522013,7.093647234,0.626395094,0.3863886061,0.7446571161,6.164738018,0.5379513695,0.2591557227,0.7607340823,4.042564461,0.335143758,-0.04047800646
11.96093489,0.6859750325,8.057593793,0.7158285027,0.5043843205,0.7035297905,7.791771286,0.6910842433,0.4742423526,0.7283170019,7.105882284,0.6263904069,0.3863325894,0.7446268251,6.175245533,0.5379463738,0.2590960188,0.7607081578,4.049110615,0.335137597,-0.04055163766
11.98046745,0.6859247489,8.071575703,0.7158234377,0.5043236889,0.7034862716,7.80526988,0.6910794706,0.4741852199,0.728281919,7.118117243,0.6263857434,0.3862767633,0.7445966353,6.185752951,0.5379414034,0.2590365201,0.7606823206,4.055656648,0.3351314674,-0.04062501352
12,0.6858746266,8.085557514,0.7158183976,0.5042632572,0.7034428943,7.818768381,0.6910747216,0.4741282781,0.7282469519,7.130352112,0.6263811032,0.3862211269,0.744566546,6.196260273,0.5379364582,0.2589772257,0.7606565702,4.062202562,0.3351253689,-0.04069813537
