# two-state symmetric Markov cascade, bond spectra (0.7,0.3) and (0.9,0.1), b=2, annealed over sectors
q,tau_l0.0,alpha_l0.0,f_l0.0,tau_l0.9,alpha_l0.9,f_l0.9,tau_l0.99,alpha_l0.99,f_l0.99,tau_l1.0,alpha_l1.0,f_l1.0
-6,-18.93356118,3.319702554,-0.9846541462,-19.85757623,3.321915823,-0.07391871399,-19.92433977,3.321921941,-0.007191879943,-19.93157128,3.321921997,3.930125485e-05
-5.98,-18.86716712,3.319677587,-0.9845048462,-19.79113791,3.321915617,-0.07391748014,-19.85790133,3.321921803,-0.007191057088,-19.86513284,3.32192186,4.012032734e-05
-5.96,-18.80077407,3.319627089,-0.9842033808,-19.7246996,3.321915197,-0.07391497049,-19.79146289,3.321921522,-0.007189377372,-19.79869441,3.32192158,4.179240637e-05
-5.94,-18.73438204,3.31957545,-0.9838961304,-19.6582613,3.32191476,-0.07391237546,-19.72502447,3.321921228,-0.007187628247,-19.73225598,3.321921287,4.353374951e-05
-5.92,-18.66799105,3.319522642,-0.9835829853,-19.59182301,3.321914308,-0.07390969187,-19.65858604,3.321920921,-0.00718580686,-19.66581756,3.321920982,4.534720492e-05
-5.9,-18.60160114,3.319468639,-0.9832638339,-19.52538473,3.321913838,-0.07390691646,-19.59214763,3.3219206,-0.007183910243,-19.59937914,3.321920662,4.723573668e-05
-5.88,-18.53521231,3.319413413,-0.9829385623,-19.45894646,3.321913351,-0.07390404581,-19.52570922,3.321920264,-0.007181935309,-19.53294073,3.321920328,4.920243111e-05
-5.86,-18.4688246,3.319356937,-0.9826070548,-19.3925082,3.321912845,-0.07390107638,-19.45927082,3.321919914,-0.007179878843,-19.46650233,3.321919979,5.125049799e-05
-5.84,-18.40243803,3.319299182,-0.9822691932,-19.32606994,3.32191232,-0.07389800451,-19.39283242,3.321919548,-0.007177737498,-19.40006393,3.321919615,5.338328066e-05
-5.82,-18.33605263,3.319240118,-0.9819248572,-19.2596317,3.321911775,-0.07389482637,-19.32639404,3.321919166,-0.007175507795,-19.33362554,3.321919234,5.560425799e-05
-5.8,-18.26966843,3.319179716,-0.9815739242,-19.19319347,3.321911209,-0.07389153801,-19.25995566,3.321918766,-0.007173186111,-19.26718716,3.321918836,5.791704988e-05
-5.78,-18.20328544,3.319117943,-0.9812162695,-19.12675525,3.321910621,-0.07388813529,-19.19351729,3.321918348,-0.007170768675,-19.20074879,3.32191842,6.032542163e-05
-5.76,-18.13690371,3.31905477,-0.9808517657,-19.06031705,3.321910011,-0.07388461395,-19.12707892,3.321917912,-0.007168251563,-19.13431043,3.321917985,6.283329348e-05
-5.74,-18.07052325,3.318990163,-0.9804802833,-18.99387885,3.321909377,-0.07388096953,-19.06064057,3.321917456,-0.007165630694,-19.06787207,3.321917531,6.544474667e-05
-5.72,-18.0041441,3.31892409,-0.9801016902,-18.92744067,3.321908719,-0.07387719742,-18.99420222,3.32191698,-0.007162901818,-19.00143373,3.321917056,6.81640237e-05
-5.7,-17.93776629,3.318856516,-0.9797158519,-18.86100251,3.321908035,-0.07387329283,-18.92776389,3.321916483,-0.007160060515,-18.93499539,3.32191656,7.099554431e-05
-5.68,-17.87138984,3.318787407,-0.9793226312,-18.79456435,3.321907324,-0.07386925076,-18.86132557,3.321915963,-0.007157102185,-18.86855706,3.321916042,7.394390412e-05
-5.66,-17.80501479,3.318716728,-0.9789218885,-18.72812621,3.321906586,-0.07386506604,-18.79488725,3.321915419,-0.007154022039,-18.80211875,3.321915501,7.701388752e-05
-5.64,-17.73864117,3.318644442,-0.9785134815,-18.66168809,3.321905819,-0.07386073329,-18.72844895,3.321914852,-0.007150815098,-18.73568044,3.321914935,8.021047097e-05
-5.62,-17.67226901,3.318570512,-0.9780972653,-18.59524998,3.321905022,-0.07385624692,-18.66201066,3.321914259,-0.00714747618,-18.66924215,3.321914344,8.353883248e-05
-5.6,-17.60589835,3.318494901,-0.977673092,-18.52881189,3.321904194,-0.07385160113,-18.59557238,3.321913639,-0.00714399989,-18.60280387,3.321913726,8.700436231e-05
-5.58,-17.53952922,3.318417568,-0.9772408113,-18.46237381,3.321903334,-0.07384678987,-18.52913411,3.321912991,-0.007140380619,-18.5363656,3.32191308,9.06126681e-05
-5.56,-17.47316165,3.318338475,-0.9768002697,-18.39593575,3.321902439,-0.07384180689,-18.46269586,3.321912315,-0.007136612528,-18.46992735,3.321912406,9.436958229e-05
-5.54,-17.40679568,3.31825758,-0.9763513111,-18.32949771,3.321901509,-0.07383664566,-18.39625762,3.321911608,-0.007132689543,-18.4034891,3.321911701,9.828117417e-05
-5.52,-17.34043135,3.318174841,-0.9758937763,-18.26305969,3.321900542,-0.07383129943,-18.32981939,3.321910869,-0.007128605345,-18.33705088,3.321910964,0.0001023537605
-5.5,-17.27406869,3.318090216,-0.975427503,-18.19662169,3.321899537,-0.07382576116,-18.26338118,3.321910098,-0.007124353361,-18.27061267,3.321910195,0.0001065939129
-5.48,-17.20770774,3.318003661,-0.974952326,-18.13018371,3.321898492,-0.07382002354,-18.19694299,3.321909291,-0.007119926746,-18.20417447,3.321909391,0.0001110084653
-5.46,-17.14134854,3.317915131,-0.9744680769,-18.06374575,3.321897405,-0.07381407899,-18.13050481,3.321908449,-0.007115318386,-18.13773629,3.321908551,0.0001156045315
-5.44,-17.07499113,3.31782458,-0.9739745841,-17.99730782,3.321896275,-0.07380791961,-18.06406665,3.321907569,-0.007110520879,-18.07129813,3.321907672,0.0001203895103
-5.42,-17.00863556,3.317731961,-0.9734716729,-17.9308699,3.321895099,-0.07380153722,-17.99762851,3.321906649,-0.00710552652,-18.00485998,3.321906755,0.0001253710987
-5.4,-16.94228185,3.317637226,-0.9729591652,-17.86443201,3.321893877,-0.07379492329,-17.93119039,3.321905688,-0.007100327298,-17.93842186,3.321905796,0.0001305573051
-5.38,-16.87593007,3.317540325,-0.9724368793,-17.79799415,3.321892605,-0.07378806898,-17.86475228,3.321904684,-0.007094914876,-17.87198375,3.321904795,0.0001359564604
-5.36,-16.80958024,3.317441207,-0.9719046304,-17.73155631,3.321891282,-0.0737809651,-17.7983142,3.321903634,-0.007089280585,-17.80554567,3.321903748,0.0001415772313
-5.34,-16.74323242,3.317339822,-0.9713622302,-17.6651185,3.321889906,-0.07377360209,-17.73187614,3.321902538,-0.007083415405,-17.7391076,3.321902654,0.0001474286316
-5.32,-16.67688665,3.317236115,-0.9708094864,-17.59868071,3.321888474,-0.07376597002,-17.6654381,3.321901392,-0.00707730995,-17.67266956,3.321901511,0.0001535200404
-5.3,-16.61054297,3.317130034,-0.9702462036,-17.53224296,3.321886984,-0.07375805859,-17.59900008,3.321900195,-0.007070954463,-17.60623154,3.321900317,0.0001598612126
-5.28,-16.54420145,3.317021521,-0.9696721824,-17.46580523,3.321885434,-0.07374985707,-17.53256209,3.321898945,-0.007064338791,-17.53979355,3.321899069,0.0001664622943
-5.26,-16.47786211,3.31691052,-0.9690872195,-17.39936754,3.32188382,-0.07374135433,-17.46612412,3.321897638,-0.007057452374,-17.47335558,3.321897765,0.0001733338408
-5.24,-16.41152503,3.316796972,-0.9684911081,-17.33292988,3.321882141,-0.0737325388,-17.39968618,3.321896273,-0.007050284228,-17.40691764,3.321896403,0.0001804868308
-5.22,-16.34519023,3.316680818,-0.9678836371,-17.26649225,3.321880393,-0.07372339845,-17.33324827,3.321894846,-0.007042822928,-17.34047972,3.321894979,0.0001879326821
-5.2,-16.27885779,3.316561997,-0.9672645917,-17.20005466,3.321878574,-0.07371392079,-17.26681039,3.321893355,-0.007035056593,-17.27404184,3.321893491,0.0001956832734
-5.18,-16.21252775,3.316440445,-0.9666337528,-17.13361711,3.32187668,-0.07370409283,-17.20037254,3.321891798,-0.007026972864,-17.20760398,3.321891937,0.0002037509556
-5.16,-16.14620018,3.316316099,-0.9659908972,-17.0671796,3.321874709,-0.0736939011,-17.13393472,3.32189017,-0.007018558886,-17.14116616,3.321890312,0.0002121485771
-5.14,-16.07987511,3.316188893,-0.9653357975,-17.00074212,3.321872656,-0.07368333157,-17.06749693,3.321888469,-0.007009801292,-17.07472837,3.321888615,0.0002208895014
-5.12,-16.01355262,3.316058758,-0.9646682219,-16.93430469,3.321870519,-0.07367236968,-17.00105918,3.321886693,-0.007000686178,-17.00829062,3.321886841,0.0002299876238
-5.1,-15.94723276,3.315925626,-0.9639879342,-16.8678673,3.321868294,-0.07366100029,-16.93462146,3.321884836,-0.006991199087,-16.9418529,3.321884988,0.0002394573968
-5.08,-15.88091559,3.315789427,-0.9632946936,-16.80142996,3.321865978,-0.07364920768,-16.86818379,3.321882896,-0.006981324982,-16.87541522,3.321883052,0.0002493138515
-5.06,-15.81460118,3.315650087,-0.962588255,-16.73499266,3.321863565,-0.07363697551,-16.80174615,3.321880869,-0.006971048224,-16.80897757,3.321881028,0.0002595726179
-5.04,-15.74828959,3.315507532,-0.9618683683,-16.66855542,3.321861052,-0.0736242868,-16.73530855,3.321878751,-0.006960352555,-16.74253997,3.321878914,0.0002702499502
-5.02,-15.68198088,3.315361685,-0.9611347788,-16.60211822,3.321858435,-0.07361112392,-16.668871,3.321876538,-0.006949221064,-16.67610242,3.321876704,0.0002813627515
-5,-15.61567512,3.31521247,-0.9603872268,-16.53568108,3.321855709,-0.07359746853,-16.60243349,3.321874225,-0.006937636168,-16.60966491,3.321874396,0.0002929285984
-4.98,-15.54937238,3.315059805,-0.9596254479,-16.46924399,3.32185287,-0.07358330159,-16.53599603,3.321871809,-0.006925579581,-16.54322744,3.321871983,0.0003049657684
-4.96,-15.48307273,3.31490361,-0.9588491723,-16.40280696,3.321849913,-0.07356860332,-16.46955862,3.321869284,-0.006913032293,-16.47679003,3.321869462,0.0003174932662
-4.94,-15.41677624,3.314743798,-0.9580581252,-16.33637,3.321846832,-0.07355335314,-16.40312126,3.321866646,-0.006899974536,-16.41035266,3.321866828,0.0003305308533
-4.92,-15.35048298,3.314580286,-0.9572520266,-16.26993309,3.321843622,-0.07353752971,-16.33668395,3.32186389,-0.006886385753,-16.34391535,3.321864076,0.0003440990758
-4.9,-15.28419303,3.314412983,-0.9564305911,-16.20349625,3.321840278,-0.07352111081,-16.2702467,3.32186101,-0.006872244574,-16.2774781,3.3218612,0.0003582192983
-4.88,-15.21790646,3.314241801,-0.9555935277,-16.13705948,3.321836794,-0.0735040734,-16.20380951,3.321858,-0.00685752878,-16.21104091,3.321858195,0.0003729137328
-4.86,-15.15162336,3.314066645,-0.9547405399,-16.07062278,3.321833163,-0.07348639352,-16.13737238,3.321854855,-0.006842215268,-16.14460377,3.321855055,0.0003882054721
-4.84,-15.08534379,3.313887421,-0.9538713256,-16.00418615,3.32182938,-0.07346804626,-16.07093532,3.32185157,-0.006826280022,-16.0781667,3.321851774,0.000404118527
-4.82,-15.01906786,3.313704032,-0.9529855768,-15.9377496,3.321825438,-0.07344900576,-16.00449832,3.321848136,-0.00680969807,-16.0117297,3.321848345,0.0004206778588
-4.8,-14.95279563,3.313516378,-0.9520829796,-15.87131313,3.321821329,-0.07342924516,-15.93806139,3.321844549,-0.006792443455,-15.94529277,3.321844763,0.0004379094175
-4.78,-14.8865272,3.313324355,-0.9511632139,-15.80487675,3.321817047,-0.07340873654,-15.87162454,3.321840801,-0.006774489191,-15.87885591,3.321841019,0.0004558401803
-4.76,-14.82026266,3.31312786,-0.9502259538,-15.73844045,3.321812585,-0.07338745089,-15.80518776,3.321836884,-0.006755807224,-15.81241913,3.321837107,0.0004744981909
-4.74,-14.75400209,3.312926784,-0.9492708668,-15.67200425,3.321807934,-0.07336535807,-15.73875106,3.321832791,-0.006736368394,-15.74598243,3.32183302,0.0004939126026
-4.72,-14.68774559,3.312721017,-0.9482976141,-15.60556814,3.321803085,-0.0733424268,-15.67231445,3.321828515,-0.006716142386,-15.67954581,3.321828749,0.00051411372
-4.7,-14.62149325,3.312510447,-0.9473058504,-15.53913212,3.321798031,-0.07331862454,-15.60587792,3.321824047,-0.006695097692,-15.61310928,3.321824286,0.0005351330436
-4.68,-14.55524517,3.312294956,-0.9462952238,-15.47269621,3.321792763,-0.0732939175,-15.53944149,3.321819378,-0.006673201558,-15.54667284,3.321819623,0.0005570033149
-4.66,-14.48900145,3.312074426,-0.9452653753,-15.40626041,3.321787271,-0.0732682706,-15.47300515,3.321814499,-0.006650419942,-15.48023649,3.32181475,0.0005797585679
-4.64,-14.42276219,3.311848735,-0.9442159394,-15.33982472,3.321781545,-0.07324164737,-15.40656891,3.321809402,-0.006626717462,-15.41380025,3.321809658,0.0006034341757
-4.62,-14.3565275,3.311617758,-0.9431465432,-15.27338915,3.321775576,-0.07321400994,-15.34013277,3.321804075,-0.00660205734,-15.34736411,3.321804337,0.0006280669033
-4.6,-14.29029748,3.311381367,-0.9420568068,-15.2069537,3.321769352,-0.07318531896,-15.27369674,3.32179851,-0.006576401357,-15.28092807,3.321798778,0.0006536949623
-4.58,-14.22407225,3.31113943,-0.9409463428,-15.14051838,3.321762863,-0.07315553357,-15.20726083,3.321792694,-0.00654970979,-15.21449215,3.321792969,0.0006803580641
-4.56,-14.1578519,3.310891812,-0.9398147563,-15.07408319,3.321756096,-0.07312461131,-15.14082504,3.321786618,-0.006521941355,-15.14805635,3.321786899,0.0007080974806
-4.54,-14.09163657,3.310638374,-0.9386616449,-15.00764813,3.32174904,-0.07309250808,-15.07438937,3.321780268,-0.006493053153,-15.08162068,3.321780556,0.0007369561015
-4.52,-14.02542637,3.310378975,-0.9374865983,-14.94121322,3.321741682,-0.07305917808,-15.00795382,3.321773634,-0.006463000601,-15.01518513,3.321773928,0.0007669784973
-4.5,-13.95922141,3.310113469,-0.9362891982,-14.87477847,3.321734009,-0.07302457373,-14.94151842,3.321766702,-0.006431737371,-14.94874972,3.321767002,0.0007982109866
-4.48,-13.89302183,3.309841707,-0.9350690182,-14.80834386,3.321726007,-0.07298864562,-14.87508316,3.321759458,-0.006399215322,-14.88231445,3.321759766,0.0008307016974
-4.46,-13.82682775,3.309563536,-0.9338256237,-14.74190943,3.321717661,-0.07295134243,-14.80864804,3.321751889,-0.00636538443,-14.81587933,3.321752204,0.0008645006402
-4.44,-13.76063929,3.309278798,-0.9325585717,-14.67547516,3.321708957,-0.07291261084,-14.74221308,3.321743981,-0.00633019272,-14.74944436,3.321744303,0.0008996597802
-4.42,-13.69445659,3.308987331,-0.9312674103,-14.60904107,3.321699878,-0.07287239548,-14.67577828,3.321735717,-0.006293586186,-14.68300956,3.321736047,0.000936233109
-4.4,-13.6282798,3.308688972,-0.9299516792,-14.54260716,3.321690409,-0.07283063887,-14.60934365,3.321727082,-0.006255508718,-14.61657492,3.321727419,0.0009742767252
-4.38,-13.56210904,3.308383549,-0.928610909,-14.47617345,3.321680532,-0.07278728129,-14.5429092,3.32171806,-0.006215902018,-14.55014046,3.321718405,0.001013848913
-4.36,-13.49594445,3.308070889,-0.927244621,-14.40973994,3.32167023,-0.07274226071,-14.47647493,3.321708632,-0.006174705521,-14.48370619,3.321708985,0.001055010224
-4.34,-13.4297862,3.307750813,-0.9258523273,-14.34330664,3.321659483,-0.07269551273,-14.41004085,3.321698781,-0.006131856307,-14.4172721,3.321699143,0.001097823565
-4.32,-13.36363442,3.307423137,-0.9244335307,-14.27687356,3.321648271,-0.07264697048,-14.34360698,3.321688488,-0.006087289009,-14.35083822,3.321688858,0.00114235429
-4.3,-13.29748927,3.307087674,-0.922987724,-14.21044071,3.321636576,-0.0725965645,-14.27717331,3.321677733,-0.006040935724,-14.28440455,3.321678111,0.001188670284
-4.28,-13.23135091,3.30674423,-0.9215143903,-14.1440081,3.321624374,-0.07254422267,-14.21073987,3.321666494,-0.005992725918,-14.2179711,3.321666882,0.001236842071
-4.26,-13.16521951,3.306392607,-0.9200130025,-14.07757574,3.321611645,-0.0724898701,-14.14430665,3.321654751,-0.005942586323,-14.15153787,3.321655148,0.001286942902
-4.24,-13.09909521,3.306032602,-0.9184830235,-14.01114363,3.321598364,-0.07243342903,-14.07787368,3.321642481,-0.005890440833,-14.08510489,3.321642887,0.001339048866
-4.22,-13.0329782,3.305664006,-0.9169239053,-13.9447118,3.321584507,-0.07237481874,-14.01144096,3.32162966,-0.005836210403,-14.01867216,3.321630076,0.001393238995
-4.2,-12.96686865,3.305286605,-0.9153350897,-13.87828025,3.32157005,-0.07231395537,-13.94500849,3.321616263,-0.005779812933,-13.95223969,3.321616688,0.001449595373
-4.18,-12.90076674,3.304900178,-0.9137160072,-13.811849,3.321554964,-0.07225075191,-13.8785763,3.321602265,-0.005721163157,-13.88580749,3.3216027,0.001508203249
-4.16,-12.83467264,3.3045045,-0.9120660775,-13.74541805,3.321539224,-0.07218511797,-13.8121444,3.321587638,-0.00566017252,-13.81937558,3.321588084,0.001569151161
-4.14,-12.76858656,3.30409934,-0.9103847087,-13.67898743,3.3215228,-0.07211695976,-13.7457128,3.321572355,-0.005596749059,-13.75294397,3.321572811,0.001632531056
-4.12,-12.70250867,3.303684458,-0.9086712976,-13.61255714,3.321505661,-0.07204617986,-13.67928151,3.321556385,-0.005530797271,-13.68651267,3.321556852,0.001698438418
-4.1,-12.63643918,3.303259612,-0.9069252292,-13.5461272,3.321487776,-0.07197267718,-13.61285054,3.321539698,-0.005462217987,-13.62008169,3.321540176,0.001766972399
-4.08,-12.57037829,3.302824549,-0.9051458764,-13.47969763,3.321469112,-0.07189634676,-13.54641992,3.321522262,-0.005390908229,-13.55365106,3.321522751,0.001838235959
-4.06,-12.5043262,3.302379014,-0.9033325999,-13.41326844,3.321449635,-0.07181707963,-13.47998965,3.321504043,-0.005316761074,-13.48722078,3.321504544,0.001912336002
-4.04,-12.43828312,3.301922741,-0.901484748,-13.34683965,3.321429309,-0.07173476271,-13.41355976,3.321485006,-0.005239665501,-13.42079088,3.321485518,0.001989383529
-4.02,-12.37224929,3.301455459,-0.8996016564,-13.28041127,3.321408096,-0.0716492786,-13.34713025,3.321465114,-0.005159506246,-13.35436136,3.321465639,0.002069493787
-4,-12.30622491,3.300976888,-0.8976826476,-13.21398332,3.321385957,-0.07156050547,-13.28070115,3.321444329,-0.005076163639,-13.28793225,3.321444866,0.002152786424
-3.98,-12.24021021,3.300486744,-0.8957270311,-13.14755583,3.321362851,-0.07146831685,-13.21427248,3.321422611,-0.004989513443,-13.22150357,3.321423161,0.002239385656
-3.96,-12.17420544,3.299984732,-0.893734103,-13.08112881,3.321338735,-0.07137258149,-13.14784425,3.321399918,-0.004899426687,-13.15507533,3.321400481,0.002329420434
-3.94,-12.10821082,3.29947055,-0.8917031457,-13.01470228,3.321313564,-0.07127316317,-13.08141648,3.321376206,-0.004805769491,-13.08864755,3.321376783,0.002423024617
-3.92,-12.04222661,3.298943888,-0.8896334274,-12.94827627,3.321287292,-0.07116992055,-13.0149892,3.32135143,-0.004708402883,-13.02222025,3.32135202,0.002520337154
-3.9,-11.97625307,3.298404428,-0.8875242025,-12.88185079,3.32125987,-0.07106270692,-12.94856243,3.321325541,-0.004607182616,-12.95579347,3.321326145,0.00262150227
-3.88,-11.91029044,3.297851842,-0.8853747107,-12.81542587,3.321231248,-0.07095137006,-12.88213618,3.321298489,-0.004501958972,-12.88936721,3.321299108,0.002726669661
-3.86,-11.84433899,3.297285795,-0.883184177,-12.74900154,3.32120137,-0.07083575203,-12.81571049,3.321270224,-0.004392576561,-12.8229415,3.321270857,0.00283599469
-3.84,-11.77839901,3.296705942,-0.8809518115,-12.68257782,3.321170184,-0.07071568892,-12.74928537,3.321240689,-0.004278874119,-12.75651637,3.321241337,0.002949638601
-3.82,-11.71247076,3.296111928,-0.8786768088,-12.61615473,3.321137629,-0.07059101069,-12.68286086,3.321209828,-0.004160684287,-12.69009185,3.321210492,0.003067768725
-3.8,-11.64655453,3.295503389,-0.8763583482,-12.54973231,3.321103645,-0.07046154091,-12.61643698,3.321177582,-0.004037833398,-12.62366795,3.321178262,0.003190558705
-3.78,-11.58065062,3.29487995,-0.8739955931,-12.48331058,3.32106817,-0.07032709655,-12.55001376,3.321143888,-0.003910141239,-12.55724472,3.321144585,0.003318188728
-3.76,-11.51475933,3.294241229,-0.8715876907,-12.41688958,3.321031136,-0.07018748773,-12.48359122,3.321108682,-0.003777420822,-12.49082217,3.321109395,0.003450845755
-3.74,-11.44888097,3.29358683,-0.8691337719,-12.35046934,3.320992475,-0.07004251746,-12.41716941,3.321071895,-0.003639478135,-12.42440034,3.321072625,0.003588723771
-3.72,-11.38301586,3.292916346,-0.8666329511,-12.28404988,3.320952115,-0.06989198141,-12.35074835,3.321033456,-0.00349611189,-12.35797927,3.321034205,0.003732024036
-3.7,-11.31716432,3.292229363,-0.8640843253,-12.21763125,3.320909979,-0.06973566765,-12.28432807,3.320993293,-0.003347113261,-12.29155897,3.320994059,0.003880955347
-3.68,-11.25132668,3.29152545,-0.8614869747,-12.15121349,3.32086599,-0.06957335635,-12.21790861,3.320951326,-0.003192265617,-12.2251395,3.320952111,0.004035734306
-3.66,-11.1855033,3.29080417,-0.8588399618,-12.08479662,3.320820064,-0.06940481951,-12.15149002,3.320907476,-0.003031344238,-12.15872089,3.32090828,0.004196585602
-3.64,-11.11969452,3.290065068,-0.8561423311,-12.01838068,3.320772116,-0.06922982068,-12.08507232,3.320861657,-0.002864116029,-12.09230317,3.320862481,0.0043637423
-3.62,-11.0539007,3.289307681,-0.8533931092,-11.95196573,3.320722057,-0.06904811464,-12.01865555,3.320813782,-0.002690339222,-12.02588639,3.320814626,0.004537446135
-3.6,-10.98812221,3.288531531,-0.8505913042,-11.8855518,3.320669791,-0.06885944711,-11.95223976,3.320763758,-0.002509763069,-11.95947059,3.320764622,0.004717947824
-3.58,-10.92235943,3.287736129,-0.8477359056,-11.81913894,3.320615222,-0.06866355442,-11.885825,3.320711488,-0.002322127523,-11.89305581,3.320712374,0.004905507379
-3.56,-10.85661276,3.286920968,-0.8448258838,-11.75272719,3.320558246,-0.06846016317,-11.8194113,3.320656873,-0.002127162908,-11.82664209,3.32065778,0.005100394443
-3.54,-10.7908826,3.286085533,-0.8418601898,-11.68631661,3.320498757,-0.06824898991,-11.75299873,3.320599806,-0.001924589584,-11.7602295,3.320600736,0.005302888621
-3.52,-10.72516934,3.285229289,-0.8388377552,-11.61990724,3.320436643,-0.06802974077,-11.68658731,3.320540179,-0.001714117595,-11.69381806,3.320541132,0.005513279832
-3.5,-10.65947342,3.28435169,-0.8357574917,-11.55349914,3.320371787,-0.0678021111,-11.62017712,3.320477876,-0.001495446308,-11.62740785,3.320478852,0.005731868671
-3.48,-10.59379527,3.283452174,-0.8326182908,-11.48709237,3.320304068,-0.06756578508,-11.5537682,3.320412776,-0.001268264043,-11.56099891,3.320413777,0.005958966783
-3.46,-10.52813534,3.282530162,-0.8294190235,-11.42068698,3.320233357,-0.06732043537,-11.48736061,3.320344756,-0.001032247685,-11.4945913,3.320345781,0.006194897242
-3.44,-10.46249407,3.281585061,-0.8261585401,-11.35428304,3.320159523,-0.06706572268,-11.42095441,3.320273683,-0.0007870622892,-11.42818508,3.320274733,0.006439994953
-3.42,-10.39687193,3.280616259,-0.8228356699,-11.2878806,3.320082425,-0.06680129536,-11.35454966,3.320199421,-0.0005323606752,-11.36178031,3.320200498,0.006694607055
-3.4,-10.33126942,3.279623129,-0.819449221,-11.22147974,3.32000192,-0.06652678898,-11.28814643,3.320121827,-0.0002677830022,-11.29537706,3.320122931,0.006959093346
-3.38,-10.26568701,3.278605027,-0.8159979798,-11.15508052,3.319917855,-0.0662418259,-11.22174479,3.320040752,7.043663141e-06,-11.22897539,3.320041883,0.007233826717
-3.36,-10.20012522,3.277561288,-0.8124807109,-11.08868302,3.319830071,-0.06594601481,-11.1553448,3.31995604,0.0002925057957,-11.16257538,3.319957199,0.007519193599
-3.34,-10.13458456,3.276491232,-0.808896157,-11.02228732,3.319738404,-0.06563895026,-11.08894655,3.319867527,0.000589003872,-11.0961771,3.319868716,0.007815594421
-3.32,-10.06906557,3.275394158,-0.8052430382,-10.95589349,3.319642681,-0.06532021219,-11.0225501,3.319775044,0.0008969528445,-11.02978063,3.319776262,0.008123444089
-3.3,-10.00356879,3.274269347,-0.8015200523,-10.88950161,3.319542721,-0.06498936542,-10.95615554,3.319678412,0.001216782632,-10.96338605,3.319679661,0.008443172473
-3.28,-9.938094794,3.273116057,-0.797725874,-10.82311178,3.319438335,-0.06464595918,-10.88976296,3.319577446,0.001548938622,-10.89699345,3.319578726,0.008775224912
-3.26,-9.87264415,3.271933529,-0.7938591553,-10.75672408,3.319329327,-0.06428952653,-10.82337245,3.319471952,0.001893882191,-10.8306029,3.319473264,0.009120062729
-3.24,-9.807217453,3.270720981,-0.7899185248,-10.69033861,3.319215491,-0.06391958389,-10.75698408,3.319361726,0.002252091233,-10.76421452,3.319363072,0.009478163768
-3.22,-9.74181531,3.269477608,-0.7859025876,-10.62395546,3.319096612,-0.06353563041,-10.69059798,3.319246558,0.002624060714,-10.69782838,3.319247938,0.00985002294
-3.2,-9.676438348,3.268202585,-0.7818099253,-10.55757474,3.318972466,-0.06313714747,-10.62421422,3.319126225,0.003010303232,-10.6314446,3.31912764,0.01023615279
-3.18,-9.611087207,3.266895064,-0.7776390958,-10.49119656,3.318842817,-0.06272359805,-10.55783293,3.319000496,0.003411349598,-10.56506328,3.319001947,0.01063708406
-3.16,-9.545762546,3.26555417,-0.7733886328,-10.42482103,3.318707423,-0.06229442614,-10.4914542,3.318869131,0.003827749434,-10.49868452,3.318870619,0.01105336633
-3.14,-9.48046504,3.264179008,-0.7690570463,-10.35844826,3.318566026,-0.06184905613,-10.42507816,3.318731876,0.004260071782,-10.43230845,3.318733402,0.01148556857
-3.12,-9.415195385,3.262768656,-0.7646428218,-10.29207839,3.318418359,-0.06138689217,-10.35870493,3.318588468,0.004708905734,-10.36593519,3.318590034,0.01193427982
-3.1,-9.349954294,3.261322166,-0.7601444207,-10.22571153,3.318264144,-0.06090731749,-10.29233462,3.318438633,0.005174861079,-10.29956485,3.318440239,0.01240010979
-3.08,-9.284742499,3.259838565,-0.7555602801,-10.15934782,3.31810309,-0.0604096938,-10.22596738,3.318282082,0.005658568966,-10.23319758,3.318283729,0.01288368957
-3.06,-9.219560751,3.258316851,-0.7508888125,-10.09298741,3.317934891,-0.05989336053,-10.15960334,3.318118516,0.00616068258,-10.1668335,3.318120205,0.01338567228
-3.04,-9.154409825,3.256755997,-0.7461284063,-10.02663043,3.317759231,-0.05935763415,-10.09324264,3.31794762,0.006681877843,-10.10047277,3.317949353,0.01390673377
-3.02,-9.089290512,3.255154946,-0.7412774254,-9.960277037,3.317575776,-0.05880180746,-10.02688544,3.317769067,0.007222854129,-10.03411553,3.317770846,0.01444757335
-3,-9.024203627,3.253512612,-0.7363342093,-9.893927396,3.317384182,-0.05822514886,-9.960531879,3.317582515,0.007784334991,-9.967761934,3.31758434,0.01500891448
-2.98,-8.959150007,3.251827879,-0.7312970732,-9.82758167,3.317184084,-0.05762690154,-9.894182135,3.317387606,0.008367068914,-9.901412153,3.317389479,0.01559150558
-2.96,-8.894130512,3.250099601,-0.7261643085,-9.761240033,3.316975107,-0.05700628276,-9.827836375,3.317183968,0.008971830086,-9.835066355,3.31718589,0.01619612076
-2.94,-8.829146023,3.2483266,-0.7209341821,-9.694902666,3.316756853,-0.05636248303,-9.761494776,3.31697121,0.009599419174,-9.768724718,3.316973183,0.0168235606
-2.92,-8.764197448,3.246507666,-0.7156049376,-9.628569758,3.316528912,-0.05569466528,-9.695157526,3.316748925,0.01025066414,-9.702387428,3.31675095,0.01747465297
-2.9,-8.699285716,3.244641556,-0.7101747947,-9.562241509,3.316290853,-0.05500196409,-9.628824819,3.316516689,0.01092642103,-9.63605468,3.316518768,0.01815025386
-2.88,-8.634411785,3.242726991,-0.7046419499,-9.495918124,3.316042225,-0.05428348476,-9.562496859,3.316274057,0.01162757487,-9.569726677,3.316276191,0.01885124818
-2.86,-8.569576637,3.240762662,-0.699004577,-9.42959982,3.31578256,-0.05353830252,-9.496173857,3.316020565,0.01235504045,-9.503403632,3.316022756,0.01957855064
-2.84,-8.504781279,3.23874722,-0.6932608269,-9.363286822,3.315511367,-0.05276546159,-9.429856036,3.31575573,0.01310976326,-9.437085767,3.315757979,0.02033310662
-2.82,-8.440026748,3.236679282,-0.6874088285,-9.296979365,3.315228135,-0.05196397431,-9.363543628,3.315479045,0.01389272033,-9.370773313,3.315481355,0.02111589307
-2.8,-8.375314108,3.234557427,-0.6814466893,-9.230677697,3.314932327,-0.05113282023,-9.297236874,3.315189983,0.01470492116,-9.304466513,3.315192355,0.02192791937
-2.78,-8.310644451,3.232380197,-0.6753724956,-9.164382072,3.314623388,-0.05027094513,-9.230936028,3.314887993,0.01554740862,-9.238165619,3.314890428,0.02277022831
-2.76,-8.2460189,3.230146092,-0.6691843133,-9.098092761,3.314300732,-0.04937726014,-9.164641354,3.314572498,0.01642125994,-9.171870895,3.314574999,0.02364389698
-2.74,-8.181438607,3.227853575,-0.6628801885,-9.031810043,3.313963753,-0.04845064071,-9.098353128,3.314242898,0.01732758757,-9.105582619,3.314245467,0.02455003775
-2.72,-8.116904757,3.225501068,-0.6564581486,-8.965534211,3.313611815,-0.04748992566,-9.032071639,3.313898566,0.01826754023,-9.039301077,3.313901205,0.02548979921
-2.7,-8.052418564,3.223086951,-0.6499162028,-8.89926557,3.313244254,-0.04649391619,-8.965797186,3.313538845,0.01924230386,-8.97302657,3.313541557,0.02646436718
-2.68,-7.987981279,3.22060956,-0.6432523432,-8.833004441,3.312860379,-0.04546137487,-8.899530085,3.313163053,0.02025310257,-8.906759414,3.313165839,0.02747496565
-2.66,-7.923594182,3.218067191,-0.6364645459,-8.766751155,3.312459466,-0.0443910246,-8.833270664,3.312770475,0.02130119971,-8.840499937,3.312773338,0.02852285784
-2.64,-7.859258591,3.215458092,-0.629550772,-8.700506062,3.312040761,-0.04328154761,-8.767019266,3.312360366,0.02238789883,-8.774248481,3.312363308,0.02960934718
-2.62,-7.794975858,3.212780468,-0.6225089687,-8.634269525,3.311603477,-0.04213158441,-8.700776249,3.311931948,0.02351454473,-8.708005405,3.311934972,0.03073577832
-2.6,-7.730747372,3.210032478,-0.615337071,-8.568041923,3.311146791,-0.04093973272,-8.634541988,3.311484409,0.02468252448,-8.641771082,3.311487517,0.03190353819
-2.58,-7.666574559,3.207212233,-0.6080330028,-8.501823653,3.310669845,-0.03970454646,-8.568316873,3.311016901,0.02589326844,-8.575545904,3.311020096,0.03311405702
-2.56,-7.602458883,3.204317797,-0.6005946786,-8.435615129,3.310171744,-0.03842453465,-8.502101312,3.310528539,0.02714825132,-8.509330278,3.310531824,0.03436880935
-2.54,-7.538401847,3.201347186,-0.593020005,-8.369416783,3.309651553,-0.03709816035,-8.435895731,3.310018401,0.02844899321,-8.443124631,3.310021778,0.03566931513
-2.52,-7.474404996,3.198298364,-0.5853068829,-8.303229067,3.309108296,-0.03572383962,-8.369700576,3.309485522,0.02979706062,-8.376929407,3.309488995,0.03701714071
-2.5,-7.410469913,3.195169249,-0.5774532088,-8.237052452,3.308540957,-0.03429994045,-8.30351631,3.308928897,0.03119406753,-8.310745071,3.308932469,0.03841389988
-2.48,-7.346598226,3.191957703,-0.5694568773,-8.170887429,3.307948472,-0.03282478166,-8.23734342,3.308347477,0.03264167641,-8.244572108,3.308351151,0.03986125496
-2.46,-7.282791605,3.18866154,-0.5613157831,-8.104734513,3.307329734,-0.03129663193,-8.171182411,3.307740167,0.03414159924,-8.178411025,3.307743946,0.04136091773
-2.44,-7.219051764,3.18527852,-0.5530278237,-8.038594239,3.306683585,-0.02971370865,-8.105033813,3.307105826,0.03569559854,-8.112262351,3.307109713,0.04291465055
-2.42,-7.155380464,3.181806349,-0.5445909012,-7.972467169,3.306008821,-0.02807417699,-8.038898178,3.30644326,0.03730548837,-8.046126637,3.30644726,0.04452426728
-2.4,-7.09177951,3.178242681,-0.5360029255,-7.906353887,3.305304181,-0.02637614882,-7.972776083,3.305751228,0.03897313532,-7.98000446,3.305755344,0.04619163429
-2.38,-7.028250757,3.174585115,-0.5272618171,-7.840255002,3.304568355,-0.02461768173,-7.906668129,3.305028433,0.04070045942,-7.913896423,3.305032669,0.04791867143
-2.36,-6.964796105,3.170831193,-0.5183655098,-7.774171152,3.303799971,-0.02279677806,-7.840574945,3.304273521,0.04248943517,-7.847803153,3.304277882,0.04970735297
-2.34,-6.901417509,3.166978403,-0.5093119542,-7.708103003,3.302997601,-0.02091138398,-7.774497188,3.303485084,0.04434209235,-7.781725308,3.303489572,0.05155970848
-2.32,-6.838116969,3.163024177,-0.5000991206,-7.642051248,3.302159757,-0.01895938855,-7.708435542,3.302661649,0.04626051695,-7.71566357,3.30266627,0.0534778237
-2.3,-6.774896542,3.158965889,-0.4907250031,-7.576016613,3.301284885,-0.01693862286,-7.642390722,3.301801683,0.04824685199,-7.649618657,3.301806441,0.05546384142
-2.28,-6.711758334,3.154800858,-0.481187623,-7.509999853,3.300371365,-0.01484685921,-7.576363475,3.300903586,0.05030329826,-7.583591313,3.300908487,0.05751996218
-2.26,-6.648704507,3.150526345,-0.4714850328,-7.444001758,3.299417508,-0.01268181032,-7.510354579,3.299965692,0.05243211511,-7.517582317,3.29997074,0.05964844508
-2.24,-6.58573728,3.146139554,-0.4616153203,-7.378023153,3.298421554,-0.01044112863,-7.444364847,3.298986262,0.05463562109,-7.451592483,3.298991462,0.06185160839
-2.22,-6.522858925,3.14163763,-0.451576613,-7.312064896,3.297381667,-0.008122405638,-7.378395128,3.297963484,0.05691619455,-7.385622659,3.297968842,0.06413183018
-2.2,-6.460071775,3.137017663,-0.441367083,-7.246127886,3.296295935,-0.005723171317,-7.312446308,3.29689547,0.05927627418,-7.31967373,3.296900991,0.06649154886
-2.18,-6.397378219,3.132276683,-0.4309849511,-7.180213059,3.295162363,-0.003240893606,-7.246519309,3.295780252,0.06171835945,-7.253746619,3.295785943,0.06893326358
-2.16,-6.334780707,3.127411667,-0.4204284927,-7.114321391,3.293978875,-0.0006729780032,-7.180615098,3.294615781,0.06424501096,-7.187842292,3.294621647,0.07145953465
-2.14,-6.272281752,3.12241953,-0.4096960423,-7.048453904,3.292743304,0.001983232757,-7.114734678,3.293399919,0.06685885073,-7.121961753,3.293405967,0.07407298373
-2.12,-6.209883926,3.117297135,-0.3987859995,-6.982611659,3.291453396,0.004730458914,-7.048879101,3.292130443,0.06956256228,-7.056106053,3.292136679,0.07677629404
-2.1,-6.147589867,3.112041286,-0.3876968347,-6.916795768,3.290106802,0.007571483772,-6.983049461,3.290805033,0.07235889073,-6.990276286,3.290811465,0.07957221031
-2.08,-6.085402275,3.106648735,-0.3764270949,-6.851007387,3.288701074,0.01050915367,-6.9172469,3.289421277,0.07525064262,-6.924473595,3.289427911,0.08246353872
-2.06,-6.023323917,3.101116178,-0.36497541,-6.785247725,3.287233664,0.01354637779,-6.851472609,3.287976662,0.07824068569,-6.85869917,3.287983506,0.08545314664
-2.04,-5.961357628,3.095440258,-0.3533404994,-6.719518041,3.285701918,0.01668612786,-6.785727833,3.286468571,0.08133194848,-6.792954254,3.286475633,0.08854396218
-2.02,-5.899506307,3.089617567,-0.3415211789,-6.653819648,3.284103075,0.01993143762,-6.720013867,3.284894281,0.0845274197,-6.727240144,3.28490157,0.09173897367
-2,-5.837772925,3.083644646,-0.3295163672,-6.588153918,3.282434258,0.02328540219,-6.654332062,3.283250957,0.08783014752,-6.661558192,3.283258481,0.09504122881
-1.98,-5.776160521,3.077517987,-0.3173250935,-6.522522278,3.280692475,0.02675117714,-6.588683828,3.281535651,0.09124323855,-6.595909805,3.28154342,0.09845383376
-1.96,-5.714672205,3.071234036,-0.3049465051,-6.456926219,3.278874613,0.03033197747,-6.523070636,3.279745295,0.09476985668,-6.530296455,3.279753318,0.1019799519
-1.94,-5.65331116,3.064789193,-0.2923798748,-6.391367293,3.276977432,0.03403107627,-6.457494017,3.277876698,0.09841322164,-6.464719672,3.277884984,0.1056228026
-1.92,-5.592080638,3.058179816,-0.2796246091,-6.325847121,3.274997562,0.03785180315,-6.391955568,3.275926542,0.1021766073,-6.399181055,3.275935102,0.1093856591
-1.9,-5.530983967,3.051402223,-0.2666802563,-6.260367391,3.272931499,0.04179754247,-6.326456955,3.273891376,0.1060633399,-6.333682268,3.273900222,0.1132718471
-1.88,-5.470024549,3.044452693,-0.2535465149,-6.194929861,3.270775601,0.04587173118,-6.260999913,3.271767616,0.1100767956,-6.268225046,3.271776758,0.1172847421
-1.86,-5.409205859,3.037327474,-0.2402232424,-6.129536367,3.268526081,0.05007785647,-6.19558625,3.269551534,0.1142203978,-6.202811198,3.269560984,0.1214277671
-1.84,-5.34853145,3.030022779,-0.226710464,-6.064188818,3.266179003,0.05441945301,-6.130217851,3.267239259,0.1184976149,-6.137442607,3.267249031,0.1257043897
-1.82,-5.288004948,3.022534797,-0.213008382,-5.998889207,3.263730278,0.0589000999,-6.06489668,3.264826771,0.1229119562,-6.072121237,3.264836878,0.1301181188
-1.8,-5.227630058,3.01485969,-0.1991173842,-5.933639607,3.261175661,0.06352341718,-5.999624781,3.262309895,0.127466969,-6.006849132,3.262320351,0.1346725008
-1.78,-5.167410561,3.006993604,-0.1850380543,-5.86844218,3.258510741,0.06829306209,-5.934404284,3.259684298,0.1321662342,-5.941628423,3.259695116,0.1393711159
-1.76,-5.107350314,2.998932667,-0.1707711808,-5.803299177,3.255730939,0.0732127247,-5.869237409,3.256945481,0.1370133621,-5.876461327,3.256956678,0.1442175737
-1.74,-5.047453254,2.990673,-0.1563177668,-5.738212943,3.252831505,0.07828612333,-5.804126465,3.25408878,0.142011987,-5.811350156,3.254100372,0.1492155078
-1.72,-4.987723394,2.982210717,-0.1416790398,-5.673185917,3.24980751,0.08351699929,-5.739073857,3.251109357,0.1471657626,-5.746297312,3.251121361,0.1543685709
-1.7,-4.928164825,2.973541933,-0.1268564616,-5.608220642,3.246653842,0.08890911132,-5.67408209,3.248002197,0.1524783554,-5.681305301,3.248014631,0.1596804288
-1.68,-4.868781717,2.964662771,-0.1118517381,-5.543319764,3.243365199,0.0944662293,-5.60915377,3.244762102,0.1579534385,-5.616376727,3.244774984,0.1651547536
-1.66,-4.809578314,2.955569364,-0.09666682926,-5.478486034,3.239936088,0.1001921276,-5.544291606,3.241383688,0.1635946849,-5.551514302,3.241397039,0.1707952173
-1.64,-4.750558942,2.946257866,-0.08130395894,-5.41372232,3.236360818,0.1060905778,-5.479498422,3.23786138,0.1694057592,-5.486720846,3.237875221,0.1766054836
-1.62,-4.691728,2.93672446,-0.06576562483,-5.349031602,3.232633494,0.1121653406,-5.414777151,3.234189408,0.1753903101,-5.421999293,3.234203761,0.1825892002
-1.6,-4.633089964,2.926965357,-0.05005460812,-5.28441698,3.228748014,0.1184201574,-5.350130846,3.230361803,0.1815519611,-5.357352695,3.230376691,0.1887499893
-1.58,-4.574649385,2.916976816,-0.03417398324,-5.219881681,3.224698063,0.1248587412,-5.285562679,3.226372391,0.1878943009,-5.292784225,3.22638784,0.1950914386
-1.56,-4.516410891,2.90675514,-0.01812712723,-5.155429058,3.22047711,0.1314847662,-5.22107595,3.222214793,0.1944208733,-5.228297182,3.222230828,0.2016170906
-1.54,-4.45837918,2.896296694,-0.001917729003,-5.091062597,3.216078402,0.1383018578,-5.156674087,3.217882417,0.2011351659,-5.163894992,3.217899065,0.2083304316
-1.52,-4.400559023,2.885597909,0.01445020163,-5.026785922,3.211494961,0.1453135807,-5.092360653,3.213368457,0.2080405984,-5.099581219,3.213385749,0.2152348799
-1.5,-4.342955263,2.874655292,0.03097232538,-4.962602798,3.206719581,0.1525234269,-5.028139349,3.208665893,0.2151405098,-5.035359562,3.208683859,0.2223337731
-1.48,-4.285572812,2.863465437,0.04764396513,-4.898517138,3.201744821,0.1599348029,-4.964014018,3.203767481,0.2224381452,-4.971233865,3.203786155,0.2296303548
-1.46,-4.228416646,2.852025033,0.06446009817,-4.834533005,3.196563007,0.1675510154,-4.89998865,3.198665759,0.229936641,-4.907208116,3.198685176,0.2371277597
-1.44,-4.17149181,2.840330876,0.08141534874,-4.770654618,3.191166223,0.1753752572,-4.836067387,3.19335304,0.2376390099,-4.843286458,3.193373235,0.2448289988
-1.42,-4.114803411,2.82837988,0.09850398133,-4.706886356,3.185546313,0.1834105913,-4.772254528,3.187821411,0.2455481246,-4.779473187,3.187842425,0.2527369432
-1.4,-4.058356615,2.816169086,0.1157198944,-4.643232766,3.179694879,0.1916599348,-4.708554531,3.182062736,0.2536667009,-4.715772761,3.18208461,0.2608543064
-1.38,-4.002156647,2.803695676,0.133056615,-4.579698561,3.173603276,0.2001260411,-4.644972019,3.176068652,0.2619972793,-4.652189802,3.176091431,0.2691836272
-1.36,-3.946208788,2.790956981,0.1505072938,-4.516288635,3.167262612,0.2088114822,-4.581511785,3.169830573,0.270542206,-4.588729103,3.169854304,0.2777272495
-1.34,-3.890518368,2.777950498,0.1680647015,-4.453008057,3.160663752,0.2177186295,-4.518178796,3.163339689,0.2793036131,-4.52539563,3.163364423,0.2864873032
-1.32,-3.835090768,2.764673896,0.1857212254,-4.389862085,3.153797311,0.2268496334,-4.454978197,3.156586969,0.2882833976,-4.462194526,3.15661276,0.2954656827
-1.3,-3.779931412,2.751125035,0.2034688674,-4.326856164,3.146653663,0.2362064029,-4.391915317,3.149563168,0.297483199,-4.39913112,3.149590073,0.3046640251
-1.28,-3.725045767,2.737301971,0.2212992433,-4.263995938,3.139222933,0.2457905833,-4.328995671,3.142258823,0.3069043767,-4.336210924,3.142286904,0.314083687
-1.26,-3.670439334,2.723202977,0.2392035821,-4.201287247,3.13149501,0.255603534,-4.266224964,3.134664268,0.3165479861,-4.273439643,3.134693589,0.3237257209
-1.24,-3.616117648,2.708826548,0.257172728,-4.138736138,3.123459542,0.2656463049,-4.2036091,3.126769634,0.3264147536,-4.21082318,3.126800266,0.3335908499
-1.22,-3.562086272,2.694171418,0.275197142,-4.076348865,3.115105945,0.275919612,-4.141154179,3.118564859,0.3365050507,-4.148367633,3.118596877,0.3436794424
-1.2,-3.508350791,2.679236571,0.2932669063,-4.0141319,3.106423406,0.2864238124,-4.078866505,3.110039698,0.3468188678,-4.086079305,3.110073183,0.3539914851
-1.18,-3.454916809,2.664021254,0.3113717288,-3.952091929,3.09740089,0.297158879,-4.016752591,3.101183733,0.3573557865,-4.023964705,3.101218771,0.3645265558
-1.16,-3.401789941,2.648524992,0.3295009498,-3.890235864,3.088027147,0.3081243741,-3.954819156,3.091986383,0.3681149514,-3.962030554,3.092023068,0.375283795
-1.14,-3.348975809,2.632747596,0.3476435499,-3.828570843,3.07829072,0.3193194227,-3.893073136,3.082436925,0.3790950412,-3.900283783,3.082475356,0.3862618771
-1.12,-3.296480037,2.616689177,0.3657881592,-3.767104235,3.068179955,0.3307426854,-3.831521679,3.0725245,0.3902942397,-3.83873154,3.072564785,0.3974589811
-1.1,-3.244308242,2.600350158,0.3839230685,-3.705843645,3.057683012,0.3423923313,-3.770172156,3.062238137,0.4017102053,-3.777381191,3.062280392,0.4088727606
-1.08,-3.192466031,2.583731286,0.4020362418,-3.644796915,3.046787875,0.3542660104,-3.709032154,3.051566771,0.4133400412,-3.716240324,3.051611121,0.4205003131
-1.06,-3.140958991,2.566833642,0.4201153301,-3.58397213,3.035482362,0.3663608265,-3.648109485,3.040499264,0.4251802649,-3.655316747,3.040545845,0.4323381504
-1.04,-3.089792685,2.549658651,0.4381476876,-3.52337762,3.023754145,0.37867331,-3.587412183,3.029024429,0.4372267772,-3.59461849,3.029073388,0.4443821671
-1.02,-3.038972645,2.532208094,0.456120389,-3.463021964,3.011590758,0.3911993911,-3.526948508,3.017131054,0.4494748325,-3.534153811,3.017182549,0.4566276106
-1,-2.988504361,2.514484113,0.4740202484,-3.40291399,2.998979616,0.4039343745,-3.466726941,3.004807933,0.4619190081,-3.473931188,3.004862137,0.469069051
-0.98,-2.93839328,2.496489224,0.4918338402,-3.34306278,2.985908027,0.4168729136,-3.40675619,2.992043893,0.4745531749,-3.413959326,2.992100994,0.4817003512
-0.96,-2.888644792,2.478226324,0.5095475212,-3.283477669,2.97236321,0.4300089876,-3.347045185,2.97882783,0.4873704681,-3.354247149,2.978888032,0.4945146378
-0.94,-2.839264227,2.459698694,0.5271474549,-3.224168251,2.958332311,0.4433358786,-3.287603077,2.965148742,0.5003632598,-3.294803804,2.965212267,0.5075042736
-0.92,-2.790256844,2.440910009,0.5446196363,-3.165144377,2.943802418,0.4568461517,-3.228439236,2.950995765,0.5135231322,-3.235638658,2.951062856,0.5206608305
-0.9,-2.741627827,2.421864341,0.5619499199,-3.106416154,2.928760575,0.4705316367,-3.169563246,2.936358216,0.5268408521,-3.17676129,2.93642914,0.5339750643
-0.88,-2.693382271,2.402566163,0.579124047,-3.047993954,2.913193797,0.4843834126,-3.110984907,2.921225635,0.540306348,-3.118181492,2.921300683,0.5474368913
-0.86,-2.64552518,2.383020353,0.5961276764,-2.989888403,2.897089079,0.4983917951,-3.052714221,2.905587828,0.5539086888,-3.059909263,2.90566732,0.5610353673
-0.84,-2.598061457,2.363232193,0.612946415,-2.93211039,2.880433408,0.5125463275,-2.994761394,2.889434915,0.5676360653,-3.001954799,2.889519204,0.5747586684
-0.82,-2.550995892,2.343207369,0.6295658501,-2.874671066,2.863213769,0.5268357757,-2.937136824,2.872757379,0.5814757741,-2.944328495,2.872846853,0.5885940754
-0.8,-2.504333162,2.322951974,0.645971583,-2.81758184,2.84541714,0.5412481274,-2.879851099,2.855546117,0.5954142055,-2.887040925,2.855641206,0.6025279609
-0.78,-2.458077814,2.302472501,0.662149263,-2.760854381,2.827030493,0.555770596,-2.82291498,2.837792495,0.6094368339,-2.830102846,2.837893675,0.6165457801
-0.76,-2.412234262,2.281775841,0.6780846225,-2.70450062,2.808040776,0.5703896305,-2.766339399,2.819488402,0.6235282133,-2.773525178,2.819596201,0.6306320655
-0.74,-2.36680678,2.26086928,0.693763513,-2.64853275,2.78843489,0.5850909309,-2.710135444,2.800626307,0.6376719763,-2.717318998,2.800741314,0.644770426
-0.72,-2.321799491,2.239760485,0.7091719413,-2.592963224,2.768199659,0.59985947,-2.654314347,2.781199317,0.6518508383,-2.661495526,2.781322188,0.6589435506
-0.7,-2.27721636,2.218457506,0.724296106,-2.537804763,2.747321773,0.6146795225,-2.598887471,2.761201235,0.6660466063,-2.606066111,2.761332705,0.6731332171
-0.68,-2.23306119,2.196968758,0.7391224348,-2.483070353,2.725787724,0.6295347013,-2.543866297,2.740626622,0.6802401942,-2.551042218,2.740767517,0.6873203063
-0.66,-2.18933761,2.175303014,0.7536376206,-2.428773254,2.703583716,0.6444080018,-2.489262406,2.719470854,0.6944116424,-2.49643541,2.719622103,0.701484822
-0.64,-2.14604907,2.153469392,0.767828659,-2.374927005,2.680695547,0.6592818545,-2.435087463,2.697730184,0.7085401452,-2.442257334,2.697892839,0.7156059168
-0.62,-2.103198834,2.131477339,0.7816828841,-2.321545432,2.657108462,0.6741381861,-2.381353199,2.675401799,0.7226040832,-2.388519697,2.675577051,0.7296619248
-0.6,-2.060789976,2.10933662,0.7951880045,-2.268642666,2.632806963,0.6889584887,-2.328071391,2.652483879,0.7365810636,-2.335234251,2.652673086,0.7436304
-0.58,-2.01882537,2.087057296,0.8083321382,-2.216233154,2.607774578,0.7037238986,-2.275253844,2.62897565,0.7504479669,-2.282412773,2.629180363,0.7574881626
-0.56,-1.977307684,2.06464971,0.821103847,-2.164331683,2.581993575,0.7184152812,-2.222912365,2.604877437,0.7641810005,-2.230067037,2.605099439,0.7712113511
-0.54,-1.936239381,2.042124467,0.8334921692,-2.112953411,2.555444606,0.7330133239,-2.171058746,2.580190714,0.7777557607,-2.178208796,2.580432061,0.7847754827
-0.52,-1.895622706,2.019492412,0.8454866515,-2.062113899,2.528106281,0.7474986328,-2.119704737,2.554918145,0.7911473009,-2.126849755,2.555181221,0.7981555195
-0.5,-1.855459685,1.996764611,0.857077379,-2.01182916,2.499954655,0.761851832,-2.06886202,2.529063624,0.8043302085,-2.076001547,2.529351208,0.8113259429
-0.48,-1.815752121,1.973952327,0.8682550043,-1.962115713,2.470962612,0.7760536591,-2.018542192,2.502632299,0.8172786883,-2.025675706,2.50294765,0.8242608344
-0.46,-1.776501592,1.951066996,0.8790107734,-1.912990655,2.441099138,0.7900850517,-1.968756728,2.475630596,0.8299666543,-1.975883641,2.47597756,0.8369339631
-0.44,-1.737709442,1.928120205,0.8893365513,-1.864471747,2.410328483,0.8039272146,-1.919516968,2.448066226,0.8423678285,-1.926636604,2.448449373,0.8493188798
-0.42,-1.699376783,1.905123665,0.8992248443,-1.816577516,2.378609196,0.8175616535,-1.870834079,2.419948171,0.8544558477,-1.877945666,2.420372972,0.8613890177
-0.4,-1.661504495,1.882089186,0.9086688203,-1.769327379,2.345893058,0.8309701562,-1.822719041,2.391286659,0.8662043773,-1.829821685,2.391759718,0.8731177977
-0.38,-1.624093216,1.859028655,0.9176623272,-1.722741794,2.312123946,0.844134694,-1.775182613,2.362093105,0.8775872331,-1.782275277,2.362622465,0.8844787402
-0.36,-1.587143349,1.835954002,0.9261999081,-1.676842422,2.277236706,0.8570372074,-1.728235317,2.332380015,0.8885785112,-1.735316786,2.332975572,0.8954455803
-0.34,-1.550655056,1.81287718,0.9342768147,-1.631652325,2.241156169,0.8696592277,-1.681887412,2.30216084,0.8991527267,-1.688956254,2.302834903,0.9059923872
-0.32,-1.514628262,1.789810137,0.9418890176,-1.587196175,2.203796562,0.881981275,-1.636148883,2.271449753,0.9092849623,-1.64320339,2.272217823,0.9160936868
-0.3,-1.47906265,1.766764788,0.9490332141,-1.543500463,2.165061677,0.8939819597,-1.591029422,2.240261309,0.9189510296,-1.598067541,2.241143184,0.925724586
-0.28,-1.44395767,1.743752989,0.9557068331,-1.500593708,2.124846413,0.9056367121,-1.546538431,2.20860994,0.9281276476,-1.553557663,2.209631301,0.9348608986
-0.26,-1.409312531,1.720786512,0.9619080378,-1.458506606,2.083040507,0.9169160744,-1.502685025,2.176509152,0.9367926452,-1.509682289,2.177703918,0.9434792707
-0.24,-1.37512621,1.697877019,0.9676357248,-1.417272087,2.039535632,0.9277835356,-1.459478065,2.143970267,0.9449252007,-1.466449506,2.145384169,0.9515573056
-0.22,-1.34139745,1.675036037,0.9728895219,-1.376925181,1.994237225,0.9381929916,-1.416926214,2.111000328,0.952506142,-1.423866923,2.112696525,0.9590736869
-0.2,-1.308124768,1.652274932,0.9776697816,-1.337502598,1.947082483,0.9480861019,-1.375038052,2.077598516,0.9595183484,-1.381941645,2.079666736,0.9660082979
-0.18,-1.275306453,1.629604887,0.9819775732,-1.299041882,1.898065433,0.9573901038,-1.333822273,2.043749663,0.965947334,-1.340680253,2.046321758,0.9723423366
-0.16,-1.242940573,1.607036878,0.985814672,-1.261579981,1.847268538,0.966017015,-1.293288065,2.009411839,0.9717821708,-1.300088775,2.012689678,0.9780584263
-0.14,-1.211024978,1.584581655,0.9891835461,-1.22515114,1.794897582,0.9738654787,-1.2534458,1.974490823,0.9770170847,-1.260172666,1.978799627,0.9831407182
-0.12,-1.179557306,1.562249715,0.9920873405,-1.189784078,1.741312743,0.9808265486,-1.214308432,1.938782899,0.9816544842,-1.22093679,1.944681685,0.9875749875
-0.1,-1.148534989,1.54005129,0.9945298601,-1.155498631,1.687044971,0.9867941334,-1.175894484,1.901831821,0.9857113018,-1.182385399,1.910366781,0.9913487205
-0.08,-1.117955255,1.517996321,0.9965155491,-1.122302279,1.632785589,0.9916794318,-1.138235159,1.862517187,0.9892337843,-1.144522118,1.875886583,0.9944511918
-0.06,-1.087815136,1.496094448,0.9980494694,-1.090187207,1.579341137,0.9954267387,-1.101393796,1.817633824,0.992335767,-1.107349935,1.841273385,0.9968735321
-0.04,-1.058111477,1.474354987,0.9991372774,-1.059128633,1.527555691,0.9980264058,-1.065529806,1.755940667,0.9952921796,-1.070871183,1.806559988,0.9986087836
-0.02,-1.028840937,1.452786922,0.9997851983,-1.029084979,1.478215837,0.9995206626,-1.03115617,1.638245157,0.9983912666,-1.035087536,1.771779577,0.9996519442
0,-1,1.431398885,1,-1,1.431962098,1,-1,1.436143982,1,-1,1.438778437,1
0.02,-0.9715849814,1.410199152,0.9997889644,-0.9718064954,1.389229343,0.9995910822,-0.9737104105,1.249973951,0.9987098895,-0.9775363982,1.120590979,0.9999482178
0.04,-0.9435920339,1.389195625,0.9991598589,-0.9444308263,1.350227705,0.9984399344,-0.950001042,1.163979282,0.9965602133,-0.9551763608,1.115413318,0.9997928936
0.06,-0.9160171564,1.36839583,0.9981209062,-0.9177973872,1.314961264,0.996695063,-0.9271512392,1.133102476,0.9951373878,-0.9329198655,1.110237143,0.9995340941
0.08,-0.8888562007,1.347806905,0.9966807531,-0.8918323757,1.283271589,0.9944941028,-0.9046769429,1.1180617,0.994121879,-0.9107668751,1.105063196,0.9991719308
0.1,-0.8621048802,1.327435594,0.9948484396,-0.8664665236,1.254890454,0.991955569,-0.8824287712,1.108203534,0.9932491246,-0.8887173377,1.099892219,0.9987065596
0.12,-0.8357587769,1.307288248,0.9926333667,-0.8416367576,1.229489328,0.9891754769,-0.8603488016,1.100460724,0.9924040885,-0.8667711864,1.094724951,0.9981381804
0.14,-0.8098133503,1.287370813,0.9900452641,-0.8172869505,1.206718804,0.9862275831,-0.8384103422,1.093733483,0.9915330298,-0.8449283396,1.089562127,0.9974670375
0.16,-0.7842639444,1.267688837,0.9870941584,-0.7933680054,1.186236075,0.9831657774,-0.8165994623,1.087554038,0.9906081084,-0.8231887013,1.084404484,0.9966934187
0.18,-0.7591057968,1.248247465,0.9837903404,-0.7698375075,1.167721651,0.9800274047,-0.7949081807,1.081697095,0.9896136577,-0.8015521603,1.079252752,0.9958176556
0.2,-0.7343340458,1.229051438,0.9801443335,-0.7466591393,1.150887806,0.9768367004,-0.7733315785,1.076043616,0.9885403018,-0.7800185912,1.074107659,0.9948401231
0.22,-0.7099437392,1.210105101,0.9761668615,-0.7238019953,1.135481349,0.973607892,-0.751866436,1.070526091,0.987382176,-0.7585878539,1.068969931,0.9937612387
0.24,-0.6859298418,1.1914124,0.9718688179,-0.7012398854,1.121282895,0.9703477801,-0.7305105349,1.065104039,0.9861355043,-0.7372597939,1.063840286,0.9925814626
0.26,-0.6622872432,1.172976892,0.9672612351,-0.6789506795,1.108104213,0.9670577749,-0.7092622745,1.059752096,0.9847978193,-0.7160342425,1.058719441,0.9913012972
0.28,-0.6390107661,1.154801744,0.9623552545,-0.6569157169,1.095784712,0.9637354362,-0.688120451,1.054453786,0.9833675111,-0.6949110163,1.053608106,0.9899212861
0.3,-0.6160951735,1.136889746,0.9571620973,-0.635119291,1.084187703,0.9603756019,-0.667084123,1.049198099,0.9818435528,-0.6738899182,1.048506987,0.9884420143
0.32,-0.5935351763,1.119243313,0.9516930364,-0.6135482087,1.07319681,0.9569711879,-0.6461525271,1.0439775,0.9802253271,-0.6529707368,1.043416783,0.9868641073
0.34,-0.5713254409,1.101864496,0.9459593694,-0.5921914186,1.062712692,0.9535137339,-0.625325023,1.038786732,0.9785125119,-0.6321532469,1.038338187,0.9851882304
0.36,-0.5494605964,1.084754989,0.9399723923,-0.5710397011,1.052650161,0.9499937591,-0.6046010578,1.033622067,0.976705002,-0.6114372093,1.033271886,0.9834150884
0.38,-0.5279352414,1.06791614,0.9337433746,-0.5500854122,1.042935687,0.9464009732,-0.5839801403,1.028480824,0.9748028535,-0.5908223714,1.028218561,0.9815454246
0.4,-0.5067439509,1.051348961,0.9272835353,-0.5293222736,1.033505266,0.9427243798,-0.5634618248,1.023361045,0.972806243,-0.5703084669,1.023178884,0.9795800205
0.42,-0.485881283,1.035054138,0.9206040209,-0.5087452016,1.024302613,0.9389522989,-0.5430456985,1.018261276,0.9707154346,-0.5498952161,1.01815352,0.9775196947
0.44,-0.4653417853,1.019032041,0.9137158833,-0.4883501691,1.015277629,0.9350723257,-0.5227313738,1.013180408,0.9685307535,-0.5295823261,1.013143128,0.9753653024
0.46,-0.4451200013,1.003282738,0.9066300608,-0.4681340964,1.006385095,0.9310712403,-0.5025184822,1.008117564,0.9662525618,-0.509369491,1.008148356,0.9731177346
0.48,-0.4252104758,0.9878060053,0.8993573583,-0.4480947653,0.9975835627,0.9269348754,-0.4824066712,1.003072008,0.963881235,-0.4892563919,1.003169845,0.9707779172
0.5,-0.4056077611,0.9726013399,0.891908431,-0.4282307539,0.9888343905,0.9226479491,-0.4623956019,0.9980430716,0.9614171377,-0.4692426972,0.9982082264,0.9683468104
0.52,-0.3863064222,0.9576679718,0.8842937676,-0.4085413897,0.9801009148,0.9181938654,-0.4424849483,0.9930300916,0.958860596,-0.4493280628,0.993264124,0.9658254073
0.54,-0.3673010422,0.9430048768,0.8765236757,-0.3890267173,0.9713477161,0.913554484,-0.4226743982,0.9880323457,0.9562118649,-0.4295121322,0.9883381508,0.9632147336
0.56,-0.3485862272,0.9286107885,0.8686082687,-0.369687481,0.9625399684,0.9087098633,-0.4029636545,0.9830489877,0.9534710876,-0.4097945368,0.9834309105,0.9605158467
0.58,-0.3301566107,0.9144842114,0.8605574533,-0.3505251186,0.9536428575,0.9036379759,-0.3833524387,0.9780789727,0.9506382428,-0.3901748958,0.978542997,0.9577298341
0.6,-0.3120068587,0.9006234331,0.8523809186,-0.3315417667,0.9446210565,0.8983144006,-0.3638404956,0.9731209659,0.9477130752,-0.3706528169,0.9736749939,0.9548578132
0.62,-0.2941316734,0.8870265373,0.8440881265,-0.3127402763,0.9354382558,0.8927119949,-0.3444276001,0.9681732256,0.9446949999,-0.351227896,0.9688274743,0.9519009301
0.64,-0.2765257972,0.8736914156,0.8356883032,-0.2941242365,0.9260567495,0.8868005562,-0.3251135666,0.963233445,0.9415829713,-0.3318997179,0.9640010008,0.9488603584
0.66,-0.2591840167,0.8606157803,0.8271904317,-0.2756980063,0.9164370838,0.8805464816,-0.3058982623,0.9582985348,0.9383752952,-0.312667856,0.9591961249,0.9457372984
0.68,-0.242101166,0.8477971762,0.8186032458,-0.2574667531,0.9065377845,0.8739124466,-0.2867816252,0.9533643122,0.9350693575,-0.2935318729,0.9544133871,0.9425329762
0.7,-0.2252721297,0.8352329927,0.8099352246,-0.2394364949,0.8963151859,0.8668571251,-0.2677636898,0.9484250464,0.9316612222,-0.2744913205,0.9496533168,0.9392486423
0.72,-0.2086918463,0.8229204751,0.8011945884,-0.2216141457,0.8857233944,0.8593349897,-0.2488446233,0.9434727757,0.9281450219,-0.2555457403,0.9449164316,0.935885571
0.74,-0.1923553107,0.8108567365,0.7923892957,-0.2040075592,0.874714432,0.8512962389,-0.2300247787,0.9384962554,0.9245120077,-0.2366946633,0.9402032375,0.932445059
0.76,-0.1762575768,0.7990387683,0.7835270407,-0.1866255684,0.8632386135,0.8426869147,-0.2113047731,0.9334792828,0.9207490281,-0.2179376107,0.935514229,0.9289284248
0.78,-0.16039376,0.7874634512,0.7746152519,-0.1694780146,0.8512452242,0.8334492895,-0.1926856074,0.9283979463,0.9168360055,-0.1992740941,0.9308498882,0.9253370069
0.8,-0.1447590388,0.7761275659,0.7656610915,-0.1525757594,0.8386835697,0.8235226152,-0.1741688553,0.9232159262,0.9127415962,-0.1807036152,0.9262106854,0.9216721635
0.82,-0.1293486573,0.7650278026,0.7566714555,-0.1359306718,0.8255044695,0.8128443368,-0.1557569704,0.9178761131,0.9084153831,-0.1622256667,0.9215970785,0.9179352711
0.84,-0.1141579267,0.7541607714,0.7476529746,-0.1195555807,0.811662255,0.8013518748,-0.1374538107,0.9122848683,0.9037731001,-0.1438397321,0.9170095131,0.9141277231
0.86,-0.09918222647,0.743523011,0.7386120159,-0.1034641816,0.7971173001,0.7889850598,-0.1192655756,0.906280634,0.8986669209,-0.1255452862,0.9124484225,0.9102509295
0.88,-0.08441700624,0.7331109982,0.7295546846,-0.08767088865,0.7818390625,0.7756892636,-0.1012025854,0.8995666871,0.89282127,-0.1073417952,0.9079142271,0.9063063151
0.9,-0.06985778654,0.7229211563,0.7204868272,-0.07219061914,0.7658095299,0.761419196,-0.08328290816,0.8915543735,0.8856818443,-0.08922871708,0.9034073351,0.9022953187
0.92,-0.05550015998,0.7129498632,0.7114140342,-0.05703850746,0.7490268658,0.746143224,-0.06554041043,0.880960841,0.8760243842,-0.07120550178,0.8989281417,0.8982193922
0.94,-0.04133979201,0.7031934596,0.702341644,-0.04222954451,0.7315089262,0.7298479352,-0.04804447452,0.8646800452,0.860843717,-0.05327159141,0.8944770295,0.8940799991
0.96,-0.0273724216,0.693648256,0.6932747473,-0.02777815041,0.7132962128,0.7125425147,-0.03095320862,0.8346627409,0.8322294399,-0.0354264206,0.8900543683,0.8898786141
0.98,-0.01359386178,0.68431054,0.684218191,-0.013697696,0.6944537602,0.694262381,-0.01465796488,0.7738302155,0.773011576,-0.01766941668,0.8856605149,0.8856167213
1,-0,0.6751765834,0.6751765834,1.601713252e-16,0.6750714657,0.6750714657,-0,0.6741706326,0.6741706326,-0,0.6731354438,0.6731354438
1.02,0.01341320156,0.6662426476,0.666154299,0.01330516263,0.6552624915,0.6550625787,0.01230886042,0.5706203988,0.5697239464,0.009256001073,0.4567486389,0.4566276106
1.04,0.0266497059,0.6575049905,0.6571554842,0.02621049966,0.6351595996,0.6343554839,0.02282481595,0.5017529432,0.498998245,0.01826994556,0.4448578006,0.4443821671
1.06,0.03971340118,0.6489598716,0.6481840627,0.03871154661,0.6149095942,0.6130926233,0.03237897815,0.4639309515,0.4593878305,0.0270503131,0.4333853429,0.4323381504
1.08,0.05260810077,0.6406035573,0.6392437412,0.05080688343,0.594666372,0.5914327983,0.04138205401,0.4406831328,0.4345557294,0.03560535927,0.422320067,0.4205003131
1.1,0.06533754347,0.6324323262,0.6303380153,0.06249820149,0.5745833345,0.5695434665,0.05000630346,0.423743139,0.4161111495,0.04394311578,0.4116507967,0.4088727606
1.12,0.07790539381,0.624442473,0.6214701759,0.07379021681,0.554806032,0.547592539,0.05833177957,0.4098798143,0.4007336125,0.05207139114,0.4013664038,0.3974589811
1.14,0.09031524239,0.6166303133,0.6126433148,0.08469044277,0.5354658401,0.5257406149,0.06640149603,0.3977533919,0.3870373707,0.05999777193,0.3914558325,0.3862618771
1.16,0.1025706063,0.6089921876,0.6038603312,0.09520885041,0.516675261,0.5041344523,0.07424191525,0.3867449585,0.3743822366,0.06772962444,0.3819081202,0.375283795
1.18,0.1146749299,0.6015244645,0.5951239382,0.1053574532,0.4985251335,0.4829022044,0.08187129437,0.3765380053,0.3624435519,0.07527409674,0.3727124174,0.3645265558
1.2,0.1266315849,0.5942235445,0.5864366684,0.1151498558,0.4810837323,0.462150623,0.08930343546,0.3669556753,0.3510433749,0.08263812113,0.3638580052,0.3539914851
1.22,0.1384438717,0.5870858628,0.5778008809,0.1246008025,0.4643974899,0.4419641352,0.09654952138,0.3578911599,0.3400776937,0.08982841695,0.3553343109,0.3436794424
1.24,0.1501150194,0.5801078923,0.5692187671,0.1337257554,0.4484929336,0.4224054823,0.1036190819,0.3492753092,0.3294823016,0.09685149357,0.3471309221,0.3335908499
1.26,0.1616481874,0.5732861463,0.5606923569,0.1425405198,0.433379382,0.4035175015,0.1105205338,0.3410604394,0.31921562,0.1037136538,0.339237599,0.3237257209
1.28,0.1730464653,0.5666171802,0.5522235253,0.1510609306,0.4190519896,0.3853256161,0.1172614994,0.3332117339,0.30924952,0.1104209975,0.3316442848,0.314083687
1.3,0.1843128746,0.5600975944,0.5438139981,0.1593025994,0.4054948051,0.3678406471,0.1238490031,0.3257024367,0.2995641646,0.1169794252,0.3243411156,0.3046640251
1.32,0.1954503691,0.5537240356,0.535465358,0.1672807228,0.3926836149,0.3510616488,0.1302895969,0.318511046,0.2901449838,0.1233946422,0.3173184279,0.2954656827
1.34,0.206461836,0.5474931988,0.5271790505,0.175009944,0.380588437,0.3349785616,0.1365894449,0.3116196128,0.2809808362,0.1296721623,0.3105667653,0.2864873032
1.36,0.217350097,0.5414018286,0.5189563899,0.1825042603,0.3691756049,0.3195745624,0.1427543814,0.3050126742,0.2720628555,0.1358173128,0.304076884,0.2777272495
1.38,0.2281179091,0.5354467204,0.510798565,0.1897769682,0.3584094397,0.3048280585,0.1487899519,0.2986765659,0.263383709,0.1418352377,0.2978397571,0.2691836272
1.4,0.2387679658,0.5296247216,0.5027066443,0.1968406379,0.3482535409,0.2907143193,0.154701444,0.2925989669,0.2549371096,0.1477309031,0.2918465782,0.2608543064
1.42,0.249302898,0.5239327326,0.4946815822,0.2037071099,0.3386717459,0.2772067693,0.1604939106,0.2867685913,0.2467174891,0.1535091008,0.2860887634,0.2527369432
1.44,0.2597252751,0.5183677075,0.4867242236,0.2103875077,0.3296288129,0.2642779828,0.1661721877,0.2811749747,0.2387197759,0.1591744536,0.2805579531,0.2448289988
1.46,0.2700376063,0.5129266547,0.4788353095,0.2168922624,0.3210908825,0.2519004261,0.1717409096,0.2758083235,0.2309392427,0.164731419,0.2752460128,0.2371277597
1.48,0.2802423413,0.5076066374,0.471015482,0.223231143,0.3130257681,0.2400469937,0.1772045206,0.2706594064,0.2233714008,0.1701842941,0.270145033,0.2296303548
1.5,0.2903418718,0.5024047741,0.4632652893,0.2294132931,0.3054031151,0.2286913796,0.1825672858,0.265719475,0.2160119266,0.1755372203,0.2652473289,0.2223337731
1.52,0.3003385323,0.4973182385,0.4555851902,0.2354472676,0.2981944667,0.2178083217,0.1878332996,0.2609802043,0.2088566109,0.1807941873,0.2605454389,0.2152348799
1.54,0.3102346013,0.4923442601,0.4479755591,0.2413410718,0.2913732606,0.2073737496,0.193006494,0.2564336478,0.2019013236,0.1859590378,0.256032123,0.2083304316
1.56,0.3200323027,0.4874801237,0.4404366903,0.2471021981,0.2849147806,0.1973648597,0.1980906456,0.252072202,0.1951419895,0.1910354722,0.2517003607,0.2016170906
1.58,0.3297338063,0.4827231698,0.432968802,0.252737663,0.2787960772,0.187760139,0.2030893821,0.2478885791,0.1885745729,0.1960270523,0.2475433487,0.1950914386
1.6,0.3393412295,0.4780707942,0.4255720413,0.2582540412,0.2729958708,0.1785393522,0.2080061887,0.2438757848,0.1821950669,0.2009372061,0.2435544972,0.1887499893
1.62,0.3488566381,0.4735204478,0.4182464873,0.2636574978,0.2674944451,0.1696835032,0.2128444135,0.2400270994,0.1759994875,0.2057692321,0.2397274274,0.1825892002
1.64,0.3582820474,0.4690696361,0.4109921557,0.268953819,0.2622735367,0.1611747812,0.2176072727,0.236336063,0.1699838707,0.2105263032,0.2360559676,0.1766054836
1.66,0.3676194235,0.4647159191,0.4038090023,0.2741484393,0.2573162268,0.1529964971,0.222297856,0.2327964622,0.1641442712,0.2152114708,0.2325341495,0.1707952173
1.68,0.3768706842,0.460456911,0.3966969263,0.279246468,0.2526068348,0.1451330144,0.2269191312,0.2294023183,0.1584767636,0.2198276692,0.2291562041,0.1651547536
1.7,0.3860376999,0.4562902789,0.3896557742,0.2842527127,0.2481308187,0.1375696792,0.2314739487,0.2261478776,0.1529774431,0.224377719,0.2259165575,0.1596804288
1.72,0.3951222953,0.4522137432,0.3826853431,0.2891717008,0.243874681,0.1302927506,0.2359650463,0.2230276018,0.1476424287,0.2288643315,0.222809827,0.1543685709
1.74,0.4041262497,0.4482250764,0.3757853833,0.2940076999,0.2398258813,0.1232893336,0.2403950528,0.2200361599,0.1424678654,0.2332901121,0.219830816,0.1492155078
1.76,0.4130512984,0.4443221026,0.3689556022,0.298764736,0.2359727566,0.1165473155,0.2447664927,0.2171684205,0.1374499273,0.2376575641,0.2169745101,0.1442175737
1.78,0.4218991338,0.4405026968,0.3621956666,0.3034466102,0.2323044469,0.1100553053,0.2490817896,0.2144194441,0.1325848209,0.2419690925,0.2142360722,0.1393711159
1.8,0.4306714062,0.4367647844,0.3555052056,0.3080569139,0.228810829,0.1038025784,0.2533432704,0.211784477,0.1278687882,0.246227007,0.2116108377,0.1346725008
1.82,0.4393697251,0.4331063399,0.3488838134,0.3125990433,0.2254824548,0.09777902443,0.2575531687,0.2092589441,0.1232981095,0.250433526,0.2090943103,0.1301181188
1.84,0.4479956598,0.4295253868,0.3423310518,0.3170762121,0.2223104959,0.09197510026,0.2617136282,0.206838443,0.1188691069,0.2545907794,0.2066821572,0.1257043897
1.86,0.4565507406,0.4260199964,0.3358464526,0.3214914632,0.2192866931,0.086381786,0.2658267064,0.2045187382,0.1145781467,0.2587008123,0.204370204,0.1214277671
1.88,0.4650364597,0.422588287,0.3294295199,0.3258476798,0.2164033113,0.08099054539,0.2698943777,0.2022957552,0.1104216421,0.2627655876,0.2021544307,0.1172847421
1.9,0.4734542721,0.4192284233,0.3230797321,0.3301475956,0.2136530975,0.07579328954,0.2739185366,0.200165575,0.1063960558,0.2667869895,0.2000309666,0.1132718471
1.92,0.4818055966,0.4159386152,0.3167965445,0.3343938037,0.2110292435,0.07078234386,0.2779010007,0.1981244286,0.1024979022,0.2707668263,0.1979960861,0.1093856591
1.94,0.4900918167,0.4127171173,0.3105793909,0.3385887654,0.2085253523,0.06595041803,0.2818435138,0.1961686923,0.0987237492,0.274706833,0.1960462039,0.1056228026
1.96,0.4983142813,0.4095622279,0.3044276853,0.3427348178,0.2061354064,0.06129057868,0.2857477484,0.194294882,0.09507022032,0.2786086744,0.1941778706,0.1019799519
1.98,0.5064743058,0.406472288,0.2983408243,0.3468341816,0.2038537405,0.05679622457,0.2896153091,0.1924996491,0.09153399607,0.2824739478,0.1923877685,0.09845383376
2,0.5145731728,0.4034456806,0.2923181883,0.3508889674,0.2016750157,0.052461064,0.2934477344,0.1907797749,0.08811181543,0.2863041852,0.190672707,0.09504122881
2.02,0.522612133,0.4004808298,0.2863591432,0.3549011823,0.1995941963,0.04827909426,0.2972465001,0.1891321669,0.08480047704,0.2901008561,0.1890296187,0.09173897367
2.04,0.530592406,0.3975762,0.280463042,0.3588727353,0.1976065285,0.04424458291,0.3010130211,0.1875538536,0.0815968402,0.2938653699,0.1874555549,0.08854396218
2.06,0.538515181,0.3947302948,0.2746292263,0.3628054434,0.1957075214,0.04035205075,0.3047486542,0.1860419805,0.0784978257,0.2975990783,0.185947682,0.08545314664
2.08,0.5463816178,0.3919416564,0.2688570275,0.3667010361,0.193892929,0.03659625619,0.3084547003,0.1845938061,0.07550041643,0.3013032772,0.1845032769,0.08246353872
2.1,0.5541928473,0.3892088644,0.263145768,0.3705611606,0.1921587341,0.03297218106,0.3121324064,0.1832066973,0.07260165795,0.3049792093,0.1831197236,0.07957221031
2.12,0.5619499724,0.3865305355,0.2574947628,0.3743873855,0.1905011335,0.02947501758,0.3157829682,0.1818781259,0.06979865873,0.3086280661,0.1817945095,0.07677629404
2.14,0.5696540687,0.383905322,0.2519033203,0.3781812059,0.1889165244,0.02610015638,0.3194075315,0.1806056644,0.06708859043,0.3122509897,0.1805252212,0.07407298373
2.16,0.5773061853,0.3813319114,0.2463707433,0.3819440465,0.1874014917,0.02284317557,0.3230071948,0.1793869827,0.06446868791,0.315849075,0.1793095415,0.07145953465
2.18,0.5849073452,0.3788090255,0.2408963305,0.3856772656,0.1859527964,0.0196998306,0.3265830108,0.178219844,0.06193624919,0.3194233714,0.1781452454,0.06893326358
2.2,0.5924585463,0.3763354195,0.2354793767,0.3893821583,0.1845673652,0.016666045,0.3301359885,0.1771021017,0.05948863527,0.3229748848,0.1770301971,0.06649154886
2.22,0.599960762,0.3739098812,0.2301191744,0.3930599602,0.1832422801,0.01373790172,0.3336670949,0.1760316958,0.05712326984,0.3265045793,0.1759623466,0.06413183018
2.24,0.6074149415,0.3715312302,0.2248150142,0.3967118496,0.18197477,0.01091163523,0.3371772563,0.1750066497,0.05483763894,0.3300133787,0.1749397264,0.06185160839
2.26,0.6148220112,0.3691983172,0.2195661856,0.400338951,0.1807622014,0.008183624112,0.3406673608,0.1740250669,0.05262929046,0.3335021683,0.1739604484,0.05964844508
2.28,0.6221828742,0.366910023,0.2143719782,0.4039423376,0.179602071,0.005550384201,0.344138259,0.1730851283,0.05049583361,0.3369717966,0.1730227012,0.05751996218
2.3,0.6294984121,0.3646652581,0.2092316815,0.4075230338,0.1784919983,0.003008562218,0.347590766,0.1721850888,0.0484349383,0.3404230764,0.1721247469,0.05546384142
2.32,0.6367694846,0.3624629616,0.2041445863,0.4110820175,0.1774297187,0.0005549298,0.3510256626,0.1713232746,0.04644433449,0.3438567865,0.1712649182,0.0534778237
2.34,0.6439969305,0.3603021007,0.1991099851,0.4146202226,0.1764130771,-0.00181362206,0.354443697,0.1704980805,0.04452181139,0.3472736731,0.1704416161,0.05155970848
2.36,0.6511815686,0.3581816699,0.1941271723,0.4181385406,0.1754400222,-0.004100088226,0.3578455858,0.1697079672,0.04266521672,0.3506744511,0.1696533068,0.04970735297
2.38,0.6583241973,0.3561006902,0.1891954453,0.4216378234,0.1745086005,-0.006307354314,0.3612320156,0.1689514586,0.04087245585,0.3540598054,0.1688985197,0.04791867143
2.4,0.6654255962,0.3540582086,0.1843141044,0.4251188846,0.1736169514,-0.008438201286,0.3646036441,0.1682271396,0.03914149092,0.3574303919,0.1681758442,0.04619163429
2.42,0.6724865257,0.3520532971,0.1794824534,0.4285825015,0.1727633024,-0.01049530978,0.3679611012,0.1675336534,0.03747033993,0.3607868391,0.1674839283,0.04452426728
2.44,0.6795077281,0.3500850527,0.1746998004,0.4320294167,0.1719459642,-0.0124812642,0.3713049903,0.1668696992,0.03585707577,0.364129749,0.1668214752,0.04291465055
2.46,0.6864899278,0.3481525957,0.1699654576,0.4354603401,0.1711633266,-0.01439855657,0.3746358892,0.1662340303,0.03429982529,0.3674596981,0.1661872422,0.04136091773
2.48,0.6934338319,0.3462550701,0.165278742,0.4388759498,0.1704138547,-0.01624959017,0.3779543515,0.1656254515,0.03279676825,0.3707772387,0.1655800378,0.03986125496
2.5,0.7003401306,0.3443916425,0.1606389755,0.4422768943,0.1696960845,-0.01803668303,0.3812609073,0.1650428174,0.03134613636,0.3740828997,0.1649987198,0.03841389988
2.52,0.7072094976,0.3425615012,0.1560454854,0.4456637932,0.1690086198,-0.01976207119,0.3845560642,0.1644850303,0.02994621219,0.3773771875,0.1644421937,0.03701714071
2.54,0.7140425906,0.3407638563,0.1514976044,0.449037239,0.1683501288,-0.02142791183,0.3878403085,0.1639510381,0.02859532819,0.3806605874,0.1639094104,0.03566931513
2.56,0.7208400519,0.3389979387,0.1469946711,0.4523977983,0.1677193407,-0.02303628625,0.3911141057,0.1634398325,0.02729186561,0.3839335639,0.1633993646,0.03436880935
2.58,0.7276025082,0.3372629993,0.14253603,0.4557460127,0.1671150426,-0.02458920268,0.3943779018,0.1629504477,0.02603425341,0.387196562,0.1629110926,0.03311405702
2.6,0.7343305718,0.3355583091,0.1381210319,0.4590824,0.1665360773,-0.026088599,0.3976321236,0.162481958,0.02482096728,0.3904500076,0.1624436715,0.03190353819
2.62,0.7410248406,0.3338831581,0.1337490338,0.4624074558,0.1659813399,-0.02753634531,0.4008771801,0.1620334766,0.02365052851,0.3936943088,0.1619962165,0.03073577832
2.64,0.7476858982,0.3322368551,0.1294193993,0.4657216536,0.1654497755,-0.0289342464,0.4041134627,0.1616041537,0.02252150298,0.3969298563,0.1615678801,0.02960934718
2.66,0.7543143148,0.3306187268,0.1251314986,0.4690254468,0.1649403769,-0.03028404412,0.4073413462,0.1611931753,0.02143250006,0.4001570241,0.1611578503,0.02852285784
2.68,0.7609106472,0.3290281179,0.1208847087,0.4723192687,0.1644521825,-0.03158741961,0.4105611897,0.1607997617,0.02038217161,0.4033761703,0.1607653492,0.02747496565
2.7,0.7674754395,0.32746439,0.1166784135,0.4756035341,0.1639842736,-0.0328459955,0.4137733367,0.1604231658,0.01936921091,0.406587638,0.1603896316,0.02646436718
2.72,0.7740092228,0.3259269215,0.1125120037,0.4788786397,0.1635357727,-0.03406133795,0.4169781163,0.160062672,0.01839235163,0.4097917556,0.1600299834,0.02548979921
2.74,0.7805125163,0.3244151071,0.1083848772,0.482144965,0.1631058417,-0.0352349587,0.4201758436,0.159717595,0.0174503668,0.4129888374,0.1596857208,0.02455003775
2.76,0.7869858271,0.3229283573,0.1042964389,0.4854028733,0.1626936799,-0.03636831692,0.4233668201,0.1593872782,0.01654206781,0.4161791844,0.1593561889,0.02364389698
2.78,0.7934296506,0.3214660977,0.1002461009,0.4886527122,0.162298522,-0.0374628211,0.4265513347,0.1590710929,0.01566630342,0.4193630849,0.1590407602,0.02277022831
2.8,0.799844471,0.3200277691,0.0962332825,0.4918948142,0.1619196369,-0.03851983081,0.4297296638,0.1587684366,0.01482195875,0.4225408148,0.1587388336,0.02192791937
2.82,0.8062307614,0.3186128268,0.09225741009,0.4951294977,0.161556326,-0.03954065838,0.4329020722,0.1584787328,0.01400795431,0.4257126383,0.1584498338,0.02111589307
2.84,0.8125889841,0.31722074,0.08831791742,0.4983570672,0.1612079214,-0.04052657058,0.4360688132,0.1582014289,0.01322324505,0.4288788082,0.1581732094,0.02033310662
2.86,0.818919591,0.3158509918,0.08441424545,0.5015778145,0.1608737847,-0.04147879016,0.4392301293,0.1579359961,0.01246681942,0.4320395666,0.1579084326,0.01957855064
2.88,0.8252230238,0.3145030785,0.08054584241,0.5047920186,0.160553306,-0.04239849739,0.442386253,0.1576819276,0.01173769842,0.4351951455,0.1576549978,0.01885124818
2.9,0.8314997141,0.3131765096,0.07671216376,0.5079999468,0.1602459018,-0.04328683154,0.4455374064,0.1574387383,0.01103493474,0.4383457665,0.1574124208,0.01815025386
2.92,0.8377500841,0.311870807,0.07291267222,0.5112018547,0.1599510145,-0.04414489225,0.4486838025,0.1572059638,0.01035761179,0.4414916423,0.1571802381,0.01747465297
2.94,0.8439745464,0.3105855048,0.0691468377,0.5143979873,0.159668111,-0.04497374096,0.451825645,0.1569831591,0.009704842894,0.4446329761,0.1569580057,0.0168235606
2.96,0.8501735043,0.3093201492,0.06541413735,0.5175885791,0.1593966814,-0.04577440215,0.4549631289,0.1567698984,0.009075770387,0.4477699625,0.1567452984,0.01619612076
2.98,0.8563473524,0.3080742979,0.06171405546,0.5207738546,0.1591362382,-0.04654786468,0.4580964409,0.1565657737,0.008469564793,0.450902788,0.1565417093,0.01559150558
3,0.8624964763,0.3068475199,0.05804608347,0.5239540287,0.1588863152,-0.04729508294,0.4612257598,0.1563703946,0.00788542399,0.4540316309,0.1563468485,0.01500891448
3.02,0.8686212532,0.3056393951,0.05440971991,0.5271293072,0.1586464666,-0.04801697811,0.4643512567,0.1561833871,0.007322572411,0.4571566619,0.1561603428,0.01444757335
3.04,0.8747220521,0.304449514,0.05080447037,0.5302998873,0.1584162658,-0.04871443924,0.4674730953,0.1560043933,0.00678026025,0.4602780446,0.155981835,0.01390673377
3.06,0.8807992337,0.3032774775,0.04722984743,0.5334659578,0.1581953051,-0.04938832437,0.4705914324,0.1558330703,0.006257762693,0.4633959353,0.1558109829,0.01338567228
3.08,0.8868531512,0.3021228967,0.04368537066,0.5366276995,0.1579831941,-0.05003946161,0.4737064181,0.15566909,0.005754379167,0.4665104839,0.1556474589,0.01288368957
3.1,0.8928841496,0.3009853923,0.04017056651,0.5397852856,0.1577795598,-0.05066865014,0.476818196,0.1555121383,0.005269432601,0.4696218337,0.1554909495,0.01240010979
3.12,0.8988925668,0.2998645946,0.03668496828,0.5429388819,0.1575840451,-0.05127666123,0.4799269037,0.1553619142,0.004802268712,0.4727301219,0.1553411544,0.01193427982
3.14,0.9048787334,0.2987601431,0.03322811606,0.5460886474,0.1573963084,-0.05186423918,0.4830326726,0.1552181299,0.004352255303,0.4758354799,0.1551977861,0.01148556857
3.16,0.9108429726,0.2976716865,0.02979955667,0.5492347343,0.1572160228,-0.05243210225,0.4861356289,0.1550805096,0.003918781584,0.4789380333,0.1550605695,0.01105336633
3.18,0.9167856008,0.2965988819,0.0263988436,0.5523772883,0.1570428757,-0.05298094354,0.489235893,0.1549487895,0.003501257501,0.4820379027,0.1549292411,0.01063708406
3.2,0.9227069278,0.2955413952,0.02302553691,0.5555164493,0.1568765679,-0.05351143188,0.4923335804,0.1548227167,0.003099113093,0.485135203,0.1548035487,0.01023615279
3.22,0.9286072566,0.2944989006,0.01967920322,0.558652351,0.1567168132,-0.05402421266,0.4954288017,0.1547020495,0.002711797862,0.4882300446,0.1546832508,0.00985002294
3.24,0.9344868839,0.2934710801,0.01635941561,0.5617851218,0.1565633374,-0.05451990862,0.4985216624,0.1545865564,0.002338780153,0.491322533,0.1545681163,0.009478163768
3.26,0.9403460999,0.2924576237,0.01306575353,0.5649148845,0.1564158785,-0.05499912065,0.5016122639,0.1544760155,0.00197954656,0.4944127693,0.1544579239,0.009120062729
3.28,0.9461851888,0.2914582291,0.00979780277,0.568041757,0.1562741855,-0.0554624285,0.504700703,0.1543702148,0.001633601346,0.49750085,0.1543524619,0.008775224912
3.3,0.952004429,0.2904726013,0.006555155374,0.571165852,0.1561380183,-0.05591039159,0.5077870725,0.154268951,0.001300465871,0.5005868677,0.1542515273,0.008443172473
3.32,0.9578040929,0.2895004525,0.003337409553,0.5742872777,0.156007147,-0.05634354961,0.5108714611,0.1541720299,0.0009796780505,0.5036709111,0.1541549263,0.008123444089
3.34,0.9635844471,0.288541502,0.0001441696284,0.5774061378,0.1558813517,-0.05676242331,0.5139539537,0.1540792651,0.0006707918123,0.5067530648,0.1540624728,0.007815594421
3.36,0.969345753,0.2875954759,-0.003024954049,0.5805225318,0.1557604216,-0.05716751504,0.5170346317,0.1539904787,0.0003733765825,0.50983341,0.1539739892,0.007519193599
3.38,0.9750882662,0.2866621068,-0.00617034517,0.5836365547,0.1556441554,-0.05755930949,0.5201135729,0.1539054999,8.701677851e-05,0.5129120243,0.153889305,0.007233826718
3.4,0.9808122372,0.285741134,-0.009292381539,0.586748298,0.1555323599,-0.05793827424,0.5231908517,0.1538241656,-0.0001886886807,0.5159889822,0.1538082575,0.006959093346
3.42,0.9865179115,0.284832303,-0.01239143516,0.5898578491,0.1554248505,-0.05830486036,0.5262665395,0.1537463195,-0.0004541268509,0.5190643546,0.1537306906,0.006694607055
3.44,0.9922055293,0.2839353654,-0.01546787228,0.592965292,0.1553214503,-0.058659503,0.5293407045,0.153671812,-0.0007096712244,0.5221382098,0.1536564549,0.006439994953
3.46,0.9978753261,0.2830500788,-0.01852205351,0.5960707071,0.1552219899,-0.05900262194,0.532413412,0.1536004999,-0.000955682179,0.5252106128,0.1535854075,0.006194897242
3.48,1.003527532,0.2821762065,-0.02155433385,0.5991741716,0.1551263073,-0.05933462211,0.5354847245,0.1535322463,-0.001192507413,0.5282816261,0.1535174118,0.005958966783
3.5,1.009162374,0.2813135176,-0.02456506281,0.6022757594,0.1550342472,-0.05965589412,0.5385547018,0.1534669198,-0.001420482366,0.5313513093,0.1534523366,0.005731868671
3.52,1.014780073,0.2804617866,-0.02755458445,0.6053755415,0.154945661,-0.05996681476,0.5416234013,0.1534043951,-0.001639930633,0.5344197196,0.1533900566,0.005513279832
3.54,1.020380846,0.2796207933,-0.03052323744,0.6084735858,0.1548604063,-0.06026774747,0.5446908776,0.1533445518,-0.001851164354,0.5374869116,0.153330452,0.005302888621
3.56,1.025964905,0.278790323,-0.03347135519,0.6115699577,0.1547783469,-0.0605590428,0.5477571833,0.1532872749,-0.002054484606,0.5405529377,0.1532734079,0.005100394444
3.58,1.031532459,0.2779701656,-0.03639926586,0.6146647197,0.1546993522,-0.06084103889,0.5508223686,0.1532324544,-0.002250181772,0.5436178479,0.1532188143,0.004905507379
3.6,1.037083712,0.2771601164,-0.03930729247,0.6177579318,0.1546232972,-0.06111406189,0.5538864815,0.1531799849,-0.002438535904,0.5466816902,0.1531665661,0.004717947823
3.62,1.042618863,0.2763599753,-0.04219575297,0.6208496516,0.1545500622,-0.06137842634,0.556949568,0.1531297655,-0.002619817074,0.5497445105,0.1531165626,0.004537446135
3.64,1.048138111,0.2755695468,-0.04506496028,0.6239399343,0.1544795326,-0.06163443565,0.5600116721,0.1530816996,-0.002794285712,0.5528063527,0.1530687074,0.0043637423
3.66,1.053641645,0.2747886401,-0.04791522239,0.6270288329,0.1544115985,-0.06188238244,0.563072836,0.1530356948,-0.002962192935,0.5558672588,0.1530229083,0.004196585602
3.68,1.059129656,0.274017069,-0.05074684241,0.6301163982,0.1543461547,-0.06212254892,0.5661330999,0.1529916628,-0.003123780868,0.5589272691,0.152979077,0.004035734306
3.7,1.064602328,0.2732546512,-0.05356011867,0.6332026791,0.1542831005,-0.06235520729,0.5691925025,0.1529495188,-0.003279282948,0.5619864219,0.152937129,0.003880955347
3.72,1.070059842,0.272501209,-0.05635534474,0.6362877223,0.1542223393,-0.06258062003,0.5722510807,0.1529091818,-0.003428924225,0.5650447542,0.1528969834,0.003732024036
3.74,1.075502376,0.2717565687,-0.05913280954,0.6393715727,0.1541637787,-0.06279904032,0.5753088698,0.1528705744,-0.003572921652,0.5681023013,0.1528585628,0.003588723771
3.76,1.080930105,0.2710205605,-0.06189279737,0.6424542734,0.1541073301,-0.0630107123,0.5783659036,0.1528336221,-0.003711484364,0.5711590967,0.1528217932,0.003450845755
3.78,1.086343199,0.2702930187,-0.06463558802,0.6455358659,0.1540529086,-0.06321587143,0.5814222147,0.1527982542,-0.003844813946,0.574215173,0.1527866036,0.003318188728
3.8,1.091741826,0.2695737813,-0.06736145678,0.6486163898,0.1540004329,-0.06341474478,0.5844778338,0.1527644024,-0.003973104699,0.5772705609,0.1527529262,0.003190558705
3.82,1.09712615,0.2688626899,-0.07007067456,0.6516958832,0.1539498251,-0.06360755133,0.5875327908,0.1527320018,-0.004096543889,0.58032529,0.152720696,0.003067768725
3.84,1.102496333,0.2681595899,-0.07276350791,0.6547743828,0.1539010106,-0.06379450225,0.5905871139,0.1527009901,-0.004215311998,0.5833793887,0.1526898509,0.002949638601
3.86,1.107852534,0.2674643302,-0.0754402191,0.6578519236,0.1538539177,-0.06397580118,0.5936408304,0.1526713076,-0.004329582954,0.5864328841,0.1526603313,0.00283599469
3.88,1.113194907,0.266776763,-0.07810106618,0.6609285395,0.1538084781,-0.06415164451,0.5966939662,0.1526428974,-0.004439524367,0.589485802,0.1526320803,0.00272666966
3.9,1.118523604,0.2660967439,-0.08074630305,0.6640042627,0.1537646259,-0.06432222161,0.5997465463,0.1526157047,-0.004545297745,0.5925381673,0.1526050435,0.00262150227
3.92,1.123838776,0.2654241318,-0.08337617949,0.6670791245,0.1537222983,-0.0644877151,0.6027985944,0.1525896775,-0.004647058712,0.5955900037,0.1525791686,0.002520337154
3.94,1.129140569,0.2647587889,-0.08599094127,0.6701531547,0.1536814349,-0.06464830109,0.6058501334,0.1525647655,-0.004744957215,0.598641334,0.1525544057,0.002423024617
3.96,1.134429128,0.2641005802,-0.08859083015,0.6732263819,0.1536419779,-0.06480414938,0.608901185,0.152540921,-0.004839137721,0.6016921799,0.1525307072,0.002329420434
3.98,1.139704593,0.263449374,-0.09117608399,0.6762988338,0.1536038719,-0.06495542374,0.6119517702,0.1525180982,-0.004929739415,0.6047425623,0.1525080271,0.002239385656
4,1.144967103,0.2628050415,-0.09374693675,0.6793705368,0.1535670637,-0.06510228207,0.6150019089,0.1524962531,-0.005016896384,0.607792501,0.1524863219,0.002152786424
4.02,1.150216794,0.2621674566,-0.09630361862,0.6824415163,0.1535315024,-0.06524487665,0.6180516203,0.1524753439,-0.0051007378,0.6108420152,0.1524655495,0.002069493787
4.04,1.155453801,0.2615364963,-0.09884635601,0.6855117969,0.1534971393,-0.0653833543,0.6211009227,0.1524553303,-0.005181388092,0.613891123,0.1524456699,0.001989383529
4.06,1.160678254,0.26091204,-0.1013753716,0.6885814019,0.1534639274,-0.06551785661,0.6241498335,0.152436174,-0.005258967118,0.616939842,0.1524266448,0.001912336002
4.08,1.165890283,0.2602939701,-0.1038908845,0.691650354,0.153431822,-0.06564852011,0.6271983696,0.1524178381,-0.005333590326,0.6199881888,0.1524084374,0.001838235959
4.1,1.171090013,0.2596821714,-0.1063931102,0.6947186748,0.1534007801,-0.06577547647,0.6302465471,0.1524002874,-0.00540536891,0.6230361795,0.1523910127,0.001766972399
4.12,1.17627757,0.2590765313,-0.1088822605,0.6977863852,0.1533707603,-0.06589885262,0.6332943811,0.1523834881,-0.005474409967,0.6260838293,0.1523743368,0.001698438418
4.14,1.181453074,0.2584769397,-0.1113585439,0.7008535052,0.1533417232,-0.066018771,0.6363418866,0.1523674082,-0.00554081664,0.629131153,0.1523583778,0.001632531056
4.16,1.186616647,0.2578832889,-0.1138221655,0.7039200541,0.1533136309,-0.06613534965,0.6393890775,0.1523520166,-0.005604688258,0.6321781644,0.1523431047,0.001569151161
4.18,1.191768406,0.2572954735,-0.1162733267,0.7069860504,0.1532864469,-0.0662487024,0.6424359672,0.1523372839,-0.00566612048,0.6352248771,0.1523284881,0.001508203249
4.2,1.196908466,0.2567133905,-0.1187122259,0.710051512,0.1532601364,-0.06635893902,0.6454825688,0.1523231818,-0.00572520542,0.6382713039,0.1523144998,0.001449595373
4.22,1.202036941,0.2561369392,-0.121139058,0.7131164559,0.153234666,-0.06646616536,0.6485288945,0.1523096831,-0.005782031779,0.6413174571,0.1523011128,0.001393238996
4.24,1.207153944,0.255566021,-0.1235540148,0.7161808986,0.1532100036,-0.06657048349,0.6515749561,0.1522967621,-0.005836684967,0.6443633485,0.1522883013,0.001339048867
4.26,1.212259582,0.2550005393,-0.1259572847,0.719244856,0.1531861184,-0.06667199183,0.654620765,0.1522843938,-0.005889247222,0.6474089892,0.1522760404,0.001286942902
4.28,1.217353965,0.2544404,-0.128349053,0.7223083434,0.1531629809,-0.06677078531,0.6576663319,0.1522725547,-0.005939797723,0.6504543901,0.1522643066,0.00123684207
4.3,1.222437198,0.2538855107,-0.1307295022,0.7253713753,0.1531405627,-0.06686695545,0.6607116672,0.152261222,-0.005988412706,0.6534995614,0.1522530771,0.001188670284
4.32,1.227509386,0.2533357811,-0.1330988113,0.7284339659,0.1531188369,-0.06696059051,0.6637567808,0.1522503739,-0.006035165564,0.6565445132,0.1522423304,0.00114235429
4.34,1.23257063,0.2527911228,-0.1354571565,0.7314961287,0.1530977772,-0.06705177561,0.6668016821,0.1522399897,-0.006080126957,0.6595892547,0.1522320457,0.001097823566
4.36,1.237621031,0.2522514494,-0.1378047111,0.734557877,0.1530773587,-0.06714059284,0.6698463804,0.1522300494,-0.006123364906,0.662633795,0.152222203,0.001055010224
4.38,1.242660687,0.2517166763,-0.1401416452,0.7376192231,0.1530575575,-0.06722712136,0.6728908841,0.1522205341,-0.006164944893,0.6656781428,0.1522127835,0.001013848913
4.4,1.247689698,0.2511867208,-0.1424681263,0.7406801793,0.1530383504,-0.0673114375,0.6759352017,0.1522114254,-0.006204929952,0.6687223063,0.1522037689,0.0009742767253
4.42,1.252708156,0.2506615017,-0.1447843188,0.7437407571,0.1530197154,-0.06739361488,0.6789793411,0.152202706,-0.006243380757,0.6717662935,0.1521951418,0.0009362331089
4.44,1.257716158,0.2501409399,-0.1470903846,0.7468009679,0.1530016314,-0.06747372452,0.68202331,0.1521943591,-0.006280355712,0.674810112,0.1521868855,0.0008996597799
4.46,1.262713794,0.2496249577,-0.1493864826,0.7498608224,0.1529840779,-0.06755183487,0.6850671155,0.1521863687,-0.006315911032,0.677853769,0.1521789842,0.0008645006402
4.48,1.267701156,0.2491134793,-0.1516727689,0.752920331,0.1529670355,-0.06762801198,0.6881107647,0.1521787196,-0.006350100822,0.6808972714,0.1521714226,0.0008307016973
4.5,1.272678333,0.2486064302,-0.1539493971,0.7559795038,0.1529504854,-0.06770231955,0.6911542643,0.1521713971,-0.006382977156,0.6839406259,0.152164186,0.0007982109868
4.52,1.277645413,0.2481037378,-0.1562165182,0.7590383504,0.1529344096,-0.06777481899,0.6941976206,0.1521643873,-0.006414590154,0.6869838388,0.1521572605,0.0007669784978
4.54,1.282602483,0.2476053309,-0.1584742804,0.7620968802,0.1529187909,-0.06784556958,0.6972408398,0.1521576766,-0.006444988047,0.6900269163,0.1521506327,0.0007369561013
4.56,1.287549626,0.2471111397,-0.1607228294,0.765155102,0.1529036126,-0.06791462844,0.7002839277,0.1521512523,-0.006474217256,0.6930698641,0.1521442898,0.0007080974804
4.58,1.292486928,0.246621096,-0.1629623083,0.7682130247,0.1528888589,-0.0679820507,0.7033268899,0.1521451021,-0.006502322449,0.6961126879,0.1521382196,0.0006803580641
4.6,1.29741447,0.2461351331,-0.165192858,0.7712706564,0.1528745145,-0.06804788953,0.7063697317,0.1521392142,-0.006529346613,0.6991553929,0.1521324104,0.0006536949622
4.62,1.302332334,0.2456531855,-0.1674146165,0.7743280053,0.1528605647,-0.06811219621,0.7094124584,0.1521335773,-0.006555331114,0.7021979843,0.1521268509,0.0006280669033
4.64,1.307240598,0.2451751892,-0.1696277196,0.777385079,0.1528469954,-0.06817502022,0.7124550748,0.1521281808,-0.006580315756,0.7052404669,0.1521215304,0.0006034341755
4.66,1.312139341,0.2447010816,-0.1718323008,0.7804418851,0.1528337931,-0.06823640927,0.7154975857,0.1521230143,-0.006604338837,0.7082828455,0.1521164386,0.0005797585678
4.68,1.317028641,0.2442308012,-0.1740284911,0.7834984307,0.1528209447,-0.06829640939,0.7185399954,0.152118068,-0.006627437211,0.7113251245,0.1521115658,0.0005570033149
4.7,1.321908573,0.2437642881,-0.1762164192,0.7865547229,0.1528084378,-0.06835506501,0.7215823084,0.1521133324,-0.006649646335,0.7143673081,0.1521069024,0.0005351330434
4.72,1.326779212,0.2433014832,-0.1783962116,0.7896107682,0.1527962604,-0.06841241896,0.7246245287,0.1521087984,-0.006671000325,0.7174094006,0.1521024395,0.0005141137203
4.74,1.331640632,0.2428423292,-0.1805679923,0.7926665733,0.152784401,-0.06846851258,0.7276666603,0.1521044575,-0.006691532004,0.7204514057,0.1520981684,0.0004939126029
4.76,1.336492906,0.2423867694,-0.1827318833,0.7957221443,0.1527728484,-0.06852338574,0.730708707,0.1521003013,-0.006711272951,0.7234933273,0.152094081,0.0004744981909
4.78,1.341336103,0.2419347487,-0.1848880045,0.7987774872,0.1527615921,-0.06857707692,0.7337506724,0.1520963219,-0.006730253546,0.726535169,0.1520901693,0.0004558401801
4.8,1.346170296,0.241486213,-0.1870364733,0.8018326079,0.1527506218,-0.06862962324,0.7367925599,0.1520925118,-0.006748503018,0.7295769341,0.1520864257,0.0004379094175
4.82,1.350995552,0.2410411092,-0.1891774053,0.8048875121,0.1527399277,-0.06868106053,0.7398343728,0.1520888638,-0.006766049482,0.732618626,0.1520828431,0.0004206778591
4.84,1.35581194,0.2405993856,-0.1913109138,0.8079422051,0.1527295004,-0.06873142334,0.7428761144,0.1520853708,-0.006782919988,0.7356602478,0.1520794145,0.0004041185273
4.86,1.360619527,0.2401609912,-0.1934371101,0.8109966921,0.1527193307,-0.06878074505,0.7459177877,0.1520820262,-0.006799140554,0.7387018026,0.1520761333,0.0003882054723
4.88,1.36541838,0.2397258762,-0.1955561035,0.8140509783,0.1527094099,-0.06882905782,0.7489593955,0.1520788236,-0.006814736209,0.7417432931,0.1520729932,0.0003729137325
4.9,1.370208562,0.239293992,-0.1976680012,0.8171050685,0.1526997297,-0.06887639272,0.7520009406,0.1520757571,-0.00682973103,0.7447847223,0.1520699881,0.0003582192983
4.92,1.374990139,0.2388652908,-0.1997729086,0.8201589675,0.1526902821,-0.06892277974,0.7550424258,0.1520728206,-0.006844148174,0.7478260927,0.1520671121,0.0003440990759
4.94,1.379763174,0.2384397257,-0.2018709289,0.8232126798,0.1526810591,-0.0689682478,0.7580838534,0.1520700088,-0.006858009916,0.7508674068,0.1520643598,0.0003305308532
4.96,1.384527728,0.238017251,-0.2039621635,0.8262662098,0.1526720534,-0.06901282483,0.7611252261,0.1520673162,-0.006871337681,0.7539086671,0.1520617259,0.0003174932664
4.98,1.389283864,0.2375978216,-0.2060467121,0.8293195619,0.1526632579,-0.06905653779,0.7641665461,0.1520647378,-0.006884152076,0.7569498758,0.1520592051,0.0003049657686
5,1.394031641,0.2371813938,-0.2081246722,0.8323727401,0.1526546655,-0.0690994127,0.7672078156,0.1520622685,-0.006896472921,0.7599910353,0.1520567928,0.0002929285986
5.02,1.39877112,0.2367679243,-0.2101961396,0.8354257485,0.1526462697,-0.06914147467,0.7702490368,0.1520599039,-0.006908319277,0.7630321475,0.1520544841,0.0002813627515
5.04,1.403502358,0.236357371,-0.2122612085,0.8384785909,0.1526380641,-0.06918274795,0.7732902118,0.1520576393,-0.006919709478,0.7660732146,0.1520522747,0.00027024995
5.06,1.408225414,0.2359496924,-0.2143199709,0.8415312711,0.1526300425,-0.06922325596,0.7763313424,0.1520554706,-0.006930661155,0.7691142385,0.1520501603,0.0002595726177
5.08,1.412940346,0.2355448481,-0.2163725174,0.8445837926,0.1526221991,-0.0692630213,0.7793724306,0.1520533936,-0.006941191263,0.772155221,0.1520481368,0.0002493138514
5.1,1.417647208,0.2351427984,-0.2184189366,0.8476361591,0.1526145281,-0.06930206578,0.7824134782,0.1520514043,-0.006951316109,0.775196164,0.1520462003,0.0002394573968
5.12,1.422346058,0.2347435043,-0.2204593158,0.8506883738,0.1526070241,-0.06934041048,0.7854544868,0.1520494991,-0.006961051375,0.7782370691,0.152044347,0.0002299876234
5.14,1.427036949,0.2343469277,-0.2224937401,0.85374044,0.1525996818,-0.06937807576,0.7884954581,0.1520476743,-0.006970412139,0.7812779379,0.1520425734,0.0002208895011
5.16,1.431719935,0.2339530313,-0.2245222934,0.856792361,0.1525924961,-0.06941508127,0.7915363938,0.1520459265,-0.006979412904,0.784318772,0.1520408761,0.0002121485773
5.18,1.43639507,0.2335617784,-0.2265450576,0.8598441399,0.1525854621,-0.06945144598,0.7945772952,0.1520442524,-0.006988067613,0.7873595729,0.1520392517,0.0002037509553
5.2,1.441062406,0.2331731332,-0.2285621132,0.8628957795,0.1525785752,-0.06948718822,0.7976181638,0.1520426489,-0.006996389675,0.7904003421,0.1520376972,0.0001956832729
5.22,1.445721995,0.2327870605,-0.2305735392,0.8659472829,0.1525718309,-0.06952232571,0.8006590011,0.1520411129,-0.007004391982,0.7934410808,0.1520362095,0.0001879326823
5.24,1.450373888,0.2324035259,-0.2325794129,0.8689986528,0.1525652247,-0.06955687555,0.8036998084,0.1520396415,-0.007012086933,0.7964817904,0.1520347857,0.0001804868306
5.26,1.455018136,0.2320224955,-0.23457981,0.8720498919,0.1525587524,-0.06959085426,0.8067405868,0.152038232,-0.007019486447,0.7995224722,0.1520334232,0.0001733338409
5.28,1.459654788,0.2316439362,-0.2365748049,0.8751010028,0.15255241,-0.0696242778,0.8097813376,0.1520368818,-0.007026601985,0.8025631274,0.1520321193,0.0001664622944
5.3,1.464283894,0.2312678157,-0.2385644703,0.8781519883,0.1525461937,-0.06965716161,0.8128220621,0.1520355882,-0.007033444567,0.805603757,0.1520308714,0.0001598612124
5.32,1.468905501,0.2308941021,-0.2405488776,0.8812028506,0.1525400996,-0.06968952057,0.8158627612,0.1520343489,-0.007040024789,0.8086443622,0.1520296771,0.0001535200406
5.34,1.473519658,0.2305227643,-0.2425280966,0.8842535923,0.1525341242,-0.06972136911,0.818903436,0.1520331616,-0.007046352837,0.8116849441,0.1520285342,0.0001474286319
5.36,1.478126411,0.2301537716,-0.2445021959,0.8873042156,0.1525282639,-0.06975272113,0.8219440876,0.1520320241,-0.007052438504,0.8147255036,0.1520274405,0.0001415772311
5.38,1.482725809,0.2297870941,-0.2464712424,0.8903547228,0.1525225154,-0.06978359009,0.824984717,0.1520309342,-0.007058291207,0.8177660417,0.1520263937,0.0001359564605
5.4,1.487317895,0.2294227024,-0.248435302,0.8934051162,0.1525168754,-0.06981398898,0.828025325,0.1520298898,-0.007063919998,0.8208065593,0.152025392,0.0001305573051
5.42,1.491902717,0.2290605679,-0.2503944389,0.8964553978,0.1525113409,-0.06984393039,0.8310659126,0.1520288891,-0.00706933358,0.8238470574,0.1520244333,0.0001253710985
5.44,1.496480318,0.2287006621,-0.2523487161,0.8995055698,0.1525059087,-0.06987342645,0.8341064806,0.1520279302,-0.007074540317,0.8268875367,0.1520235158,0.00012038951
5.46,1.501050743,0.2283429575,-0.2542981954,0.9025556342,0.1525005761,-0.06990248892,0.8371470298,0.1520270113,-0.007079548255,0.829927998,0.1520226378,0.0001156045315
5.48,1.505614036,0.2279874269,-0.256242937,0.9056055929,0.1524953401,-0.06993112915,0.840187561,0.1520261306,-0.007084365123,0.8329684422,0.1520217976,0.0001110084655
5.5,1.51017024,0.2276340437,-0.2581830002,0.9086554478,0.1524901981,-0.06995935813,0.843228075,0.1520252867,-0.007088998355,0.8360088699,0.1520209934,0.0001065939127
5.52,1.514719398,0.2272827817,-0.2601184427,0.9117052008,0.1524851475,-0.06998718649,0.8462685725,0.1520244778,-0.007093455095,0.8390492819,0.1520202239,0.0001023537609
5.54,1.519261552,0.2269336156,-0.2620493213,0.9147548537,0.1524801858,-0.07001462449,0.8493090541,0.1520237025,-0.007097742212,0.8420896789,0.1520194874,9.82811741e-05
5.56,1.523796743,0.22658652,-0.2639756913,0.9178044082,0.1524753105,-0.07004168206,0.8523495206,0.1520229594,-0.007101866308,0.8451300614,0.1520187826,9.436958159e-05
5.58,1.528325012,0.2262414705,-0.2658976069,0.9208538661,0.1524705192,-0.07006836884,0.8553899725,0.1520222471,-0.007105833728,0.8481704302,0.152018108,9.06126678e-05
5.6,1.532846401,0.2258984429,-0.2678151212,0.923903229,0.1524658098,-0.07009469411,0.8584304105,0.1520215643,-0.007109650573,0.8512107857,0.1520174625,8.700436294e-05
5.62,1.53736095,0.2255574135,-0.2697282861,0.9269524985,0.15246118,-0.07012066687,0.8614708351,0.1520209097,-0.007113322705,0.8542511287,0.1520168448,8.353883286e-05
5.64,1.541868698,0.2252183592,-0.2716371523,0.9300016762,0.1524566277,-0.07014629583,0.8645112469,0.1520202821,-0.007116855762,0.8572914595,0.1520162535,8.021047068e-05
5.66,1.546369684,0.2248812571,-0.2735417694,0.9330507636,0.1524521509,-0.07017158943,0.8675516464,0.1520196804,-0.007120255159,0.8603317788,0.1520156878,7.701388762e-05
5.68,1.550863948,0.2245460849,-0.2754421859,0.9360997622,0.1524477476,-0.0701965558,0.8705920341,0.1520191035,-0.007123526104,0.863372087,0.1520151463,7.39439047e-05
5.7,1.555351528,0.2242128208,-0.2773384493,0.9391486735,0.1524434159,-0.07022120285,0.8736324105,0.1520185503,-0.0071266736,0.8664123847,0.1520146281,7.099554453e-05
5.72,1.559832461,0.2238814432,-0.2792306059,0.9421974989,0.152439154,-0.07024553823,0.8766727761,0.1520180199,-0.007129702459,0.8694526722,0.1520141322,6.81640239e-05
5.74,1.564306786,0.2235519311,-0.2811187011,0.9452462397,0.15243496,-0.07026956932,0.8797131313,0.1520175111,-0.007132617301,0.87249295,0.1520136576,6.544474611e-05
5.76,1.568774538,0.2232242638,-0.283002779,0.9482948973,0.1524308323,-0.0702933033,0.8827534765,0.1520170233,-0.007135422571,0.8755332185,0.1520132034,6.283329362e-05
5.78,1.573235756,0.2228984209,-0.284882883,0.9513434729,0.1524267692,-0.0703167471,0.8857938122,0.1520165553,-0.007138122539,0.8785734781,0.1520127688,6.032542129e-05
5.8,1.577690475,0.2225743827,-0.2867590553,0.954391968,0.1524227691,-0.07033990744,0.8888341387,0.1520161065,-0.007140721308,0.8816137292,0.1520123528,5.791704961e-05
5.82,1.582138731,0.2222521296,-0.2886313372,0.9574403837,0.1524188304,-0.07036279084,0.8918744565,0.1520156759,-0.007143222823,0.8846539722,0.1520119547,5.560425861e-05
5.84,1.58658056,0.2219316423,-0.2904997691,0.9604887212,0.1524149517,-0.0703854036,0.8949147658,0.1520152628,-0.007145630874,0.8876942074,0.1520115737,5.338328128e-05
5.86,1.591015997,0.2216129022,-0.2923643901,0.9635369818,0.1524111314,-0.07040775183,0.897955067,0.1520148665,-0.007147949104,0.8907344352,0.1520112092,5.125049788e-05
5.88,1.595445076,0.2212958908,-0.2942252388,0.9665851665,0.1524073682,-0.07042984144,0.9009953604,0.1520144863,-0.007150181014,0.8937746558,0.1520108602,4.920243031e-05
5.9,1.599867833,0.2209805898,-0.2960823527,0.9696332765,0.1524036607,-0.07045167818,0.9040356464,0.1520141214,-0.007152329969,0.8968148696,0.1520105263,4.723573636e-05
5.92,1.6042843,0.2206669817,-0.2979357683,0.9726813129,0.1524000077,-0.07047326761,0.9070759253,0.1520137713,-0.0071543992,0.8998550768,0.1520102068,4.534720475e-05
5.94,1.608694512,0.2203550489,-0.2997855213,0.9757292768,0.1523964077,-0.07049461512,0.9101161973,0.1520134353,-0.007156391816,0.9028952778,0.1520099009,4.353374986e-05
5.96,1.613098502,0.2200447744,-0.3016316466,0.9787771692,0.1523928596,-0.07051572593,0.9131564627,0.1520131127,-0.007158310802,0.9059354729,0.1520096083,4.179240687e-05
5.98,1.617496303,0.2197361413,-0.3034741782,0.9818249912,0.1523893622,-0.07053660511,0.9161967218,0.1520128031,-0.007160159027,0.9089756622,0.1520093282,4.012032722e-05
6,1.621887948,0.2194291331,-0.3053131491,0.9848727437,0.1523859144,-0.07055725758,0.9192369748,0.1520125059,-0.007161939249,0.912015846,0.1520090601,3.851477388e-05
6.02,1.626273468,0.2191237337,-0.3071485916,0.9879204278,0.1523825149,-0.0705776881,0.922277222,0.1520122206,-0.007163654116,0.9150560246,0.1520088036,3.697311726e-05
6.04,1.630652897,0.2188199271,-0.3089805373,0.9909680443,0.1523791628,-0.0705979013,0.9253174637,0.1520119466,-0.007165306176,0.9180961981,0.1520085581,3.549283078e-05
6.06,1.635026265,0.2185176978,-0.3108090167,0.9940155943,0.1523758569,-0.07061790166,0.9283576999,0.1520116835,-0.007166897873,0.9211363669,0.1520083232,3.407148711e-05
6.08,1.639393605,0.2182170304,-0.3126340598,0.9970630786,0.1523725962,-0.07063769354,0.931397931,0.1520114308,-0.00716843156,0.9241765311,0.1520080983,3.27067541e-05
6.1,1.643754947,0.21791791,-0.3144556957,1.000110498,0.1523693798,-0.07065728115,0.9344381571,0.1520111881,-0.007169909495,0.9272166908,0.1520078832,3.139639138e-05
6.12,1.648110321,0.2176203217,-0.3162739527,1.003157854,0.1523662067,-0.0706766686,0.9374783785,0.152010955,-0.007171333849,0.9302568464,0.1520076772,3.013824621e-05
6.14,1.652459759,0.217324251,-0.3180888584,1.006205146,0.152363076,-0.07069585987,0.9405185953,0.152010731,-0.007172706707,0.9332969979,0.1520074802,2.893025094e-05
6.16,1.656803291,0.2170296837,-0.3199004397,1.009252377,0.1523599867,-0.07071485881,0.9435588078,0.1520105159,-0.007174030073,0.9363371456,0.1520072916,2.777041882e-05
6.18,1.661140947,0.2167366058,-0.3217087227,1.012299546,0.152356938,-0.07073366919,0.946599016,0.1520103091,-0.007175305873,0.9393772896,0.1520071111,2.665684141e-05
6.2,1.665472756,0.2164450037,-0.3235137328,1.015346654,0.152353929,-0.07075229464,0.9496392201,0.1520101104,-0.007176535956,0.94241743,0.1520069383,2.558768513e-05
6.22,1.669798747,0.2161548637,-0.3253154949,1.018393703,0.1523509589,-0.07077073871,0.9526794204,0.1520099193,-0.007177722102,0.9454575671,0.152006773,2.456118894e-05
6.24,1.67411895,0.2158661726,-0.3271140329,1.021440693,0.1523480269,-0.07078900483,0.9557196169,0.1520097357,-0.007178866017,0.948497701,0.1520066148,2.357566074e-05
6.26,1.678433394,0.2155789175,-0.3289093702,1.024487624,0.1523451322,-0.07080709634,0.9587598098,0.1520095592,-0.007179969344,0.9515378317,0.1520064634,2.262947523e-05
6.28,1.682742107,0.2152930856,-0.3307015295,1.027534498,0.1523422741,-0.07082501649,0.9617999993,0.1520093894,-0.007181033658,0.9545779595,0.1520063186,2.172107125e-05
6.3,1.687045117,0.2150086642,-0.332490533,1.030581315,0.1523394518,-0.07084276843,0.9648401854,0.1520092262,-0.007182060475,0.9576180844,0.1520061799,2.084894895e-05
6.32,1.691342453,0.214725641,-0.334276402,1.033628076,0.1523366647,-0.07086035523,0.9678803683,0.1520090692,-0.007183051251,0.9606582067,0.1520060472,2.001166781e-05
6.34,1.695634143,0.214444004,-0.3360591573,1.036674782,0.152333912,-0.07087777987,0.9709205482,0.1520089181,-0.007184007385,0.9636983263,0.1520059202,1.9207844e-05
6.36,1.699920214,0.2141637412,-0.3378388193,1.039721433,0.152331193,-0.07089504525,0.973960725,0.1520087728,-0.007184930219,0.9667384435,0.1520057987,1.843614814e-05
6.38,1.704200693,0.2138848409,-0.3396154074,1.042768029,0.1523285071,-0.07091215419,0.9770008991,0.1520086329,-0.007185821045,0.9697785583,0.1520056824,1.769530358e-05
6.4,1.708475607,0.2136072916,-0.3413889407,1.045814573,0.1523258537,-0.07092910943,0.9800410704,0.1520084983,-0.007186681104,0.9728186708,0.1520055711,1.698408398e-05
6.42,1.712744984,0.213331082,-0.3431594377,1.048861064,0.1523232321,-0.07094591364,0.983081239,0.1520083688,-0.007187511587,0.9758587811,0.1520054646,1.630131123e-05
6.44,1.71700885,0.213056201,-0.3449269161,1.051907502,0.1523206417,-0.07096256941,0.9861214051,0.152008244,-0.00718831364,0.9788988894,0.1520053626,1.564585408e-05
6.46,1.721267232,0.2127826376,-0.3466913933,1.054953889,0.152318082,-0.07097907928,0.9891615688,0.1520081239,-0.007189088361,0.9819389956,0.1520052651,1.501662572e-05
6.48,1.725520156,0.2125103811,-0.3484528862,1.058000225,0.1523155524,-0.0709954457,0.9922017301,0.1520080082,-0.007189836809,0.9849791,0.1520051717,1.441258251e-05
6.5,1.729767648,0.212239421,-0.3502114108,1.061046511,0.1523130523,-0.07101167106,0.9952418891,0.1520078968,-0.007190559998,0.9880192025,0.1520050823,1.383272172e-05
6.52,1.734009733,0.2119697469,-0.3519669829,1.064092747,0.1523105813,-0.07102775771,0.9982820459,0.1520077894,-0.007191258904,0.9910593033,0.1520049968,1.327608068e-05
6.54,1.738246437,0.2117013486,-0.3537196177,1.067138935,0.1523081386,-0.07104370789,1.001322201,0.152007686,-0.007191934465,0.9940994024,0.152004915,1.274173466e-05
6.56,1.742477787,0.211434216,-0.3554693299,1.070185073,0.152305724,-0.07105952384,1.004362353,0.1520075862,-0.00719258758,0.9971394999,0.1520048367,1.222879541e-05
6.58,1.746703806,0.2111683393,-0.3572161337,1.073231163,0.1523033367,-0.0710752077,1.007402504,0.1520074901,-0.007193219115,1.000179596,0.1520047617,1.173640987e-05
6.6,1.75092452,0.2109037087,-0.3589600427,1.076277206,0.1523009765,-0.07109076156,1.010442653,0.1520073974,-0.0071938299,1.00321969,0.15200469,1.126375902e-05
6.62,1.755139954,0.2106403148,-0.3607010703,1.079323203,0.1522986428,-0.07110618749,1.0134828,0.152007308,-0.007194420735,1.006259783,0.1520046214,1.081005587e-05
6.64,1.759350133,0.2103781482,-0.3624392291,1.082369152,0.1522963351,-0.07112148746,1.016522945,0.1520072218,-0.007194992385,1.009299875,0.1520045557,1.037454499e-05
6.66,1.76355508,0.2101171995,-0.3641745316,1.085415056,0.1522940529,-0.07113666342,1.019563089,0.1520071386,-0.007195545589,1.012339966,0.1520044928,9.956500583e-06
6.68,1.767754821,0.2098574598,-0.3659069894,1.088460914,0.152291796,-0.07115171727,1.022603231,0.1520070584,-0.007196081054,1.015380055,0.1520044327,9.555225951e-06
6.7,1.771949379,0.2095989201,-0.3676366141,1.091506728,0.1522895637,-0.07116665085,1.025643371,0.1520069809,-0.00719659946,1.018420143,0.1520043751,9.170051672e-06
6.72,1.776138778,0.2093415716,-0.3693634167,1.094552497,0.1522873558,-0.07118146597,1.02868351,0.152006906,-0.007197101461,1.02146023,0.15200432,8.800335154e-06
6.74,1.780323042,0.2090854056,-0.3710874077,1.097598222,0.1522851718,-0.07119616439,1.031723647,0.1520068338,-0.007197587684,1.024500316,0.1520042672,8.445459171e-06
6.76,1.784502194,0.2088304137,-0.3728085973,1.100643904,0.1522830112,-0.07121074781,1.034763783,0.152006764,-0.007198058732,1.027540401,0.1520042168,8.104831044e-06
6.78,1.788676258,0.2085765874,-0.3745269952,1.103689542,0.1522808738,-0.07122521792,1.037803918,0.1520066966,-0.007198515185,1.030580484,0.1520041685,7.777881522e-06
6.8,1.792845257,0.2083239186,-0.3762426108,1.106735139,0.1522787592,-0.07123957635,1.040844051,0.1520066314,-0.0071989576,1.033620567,0.1520041223,7.464064206e-06
6.82,1.797009215,0.2080723991,-0.3779554531,1.109780693,0.1522766669,-0.07125382469,1.043884183,0.1520065684,-0.007199386511,1.036660649,0.152004078,7.162854177e-06
6.84,1.801168153,0.2078220209,-0.3796655307,1.112826205,0.1522745966,-0.0712679645,1.046924314,0.1520065075,-0.007199802431,1.03970073,0.1520040357,6.873747362e-06
6.86,1.805322096,0.2075727761,-0.3813728518,1.115871677,0.152272548,-0.0712819973,1.049964444,0.1520064486,-0.007200205855,1.042740811,0.1520039952,6.596259922e-06
6.88,1.809471064,0.207324657,-0.3830774243,1.118917107,0.1522705207,-0.07129592458,1.053004572,0.1520063917,-0.007200597257,1.04578089,0.1520039564,6.329927102e-06
6.9,1.813615082,0.207077656,-0.3847792557,1.121962498,0.1522685145,-0.07130974778,1.056044699,0.1520063365,-0.007200977091,1.048820969,0.1520039193,6.07430261e-06
6.92,1.817754171,0.2068317655,-0.3864783531,1.125007848,0.1522665288,-0.07132346833,1.059084825,0.1520062832,-0.007201345797,1.051861047,0.1520038838,5.828958022e-06
6.94,1.821888353,0.2065869783,-0.3881747234,1.128053159,0.1522645636,-0.07133708761,1.062124951,0.1520062315,-0.007201703793,1.054901124,0.1520038498,5.593482012e-06
6.96,1.82601765,0.2063432869,-0.389868373,1.13109843,0.1522626183,-0.07135060698,1.065165075,0.1520061815,-0.007202051484,1.057941201,0.1520038173,5.367479285e-06
6.98,1.830142084,0.2061006842,-0.3915593082,1.134143663,0.1522606928,-0.07136402776,1.068205198,0.152006133,-0.007202389259,1.060981277,0.1520037862,5.150570715e-06
7,1.834261677,0.2058591632,-0.3932475348,1.137188858,0.1522587867,-0.07137735124,1.07124532,0.1520060861,-0.00720271749,1.064021352,0.1520037564,4.942391983e-06
7.02,1.838376451,0.2056187168,-0.3949330584,1.140234015,0.1522568997,-0.07139057869,1.074285441,0.1520060406,-0.007203036534,1.067061427,0.1520037279,4.742593442e-06
7.04,1.842486426,0.2053793383,-0.3966158841,1.143279134,0.1522550316,-0.07140371135,1.077325562,0.1520059964,-0.007203346737,1.070101502,0.1520037006,4.550839226e-06
7.06,1.846591624,0.2051410208,-0.398296017,1.146324216,0.1522531821,-0.07141675043,1.080365681,0.1520059536,-0.007203648429,1.073141575,0.1520036745,4.366807022e-06
7.08,1.850692067,0.2049037578,-0.3999734617,1.149369261,0.1522513509,-0.07142969711,1.0834058,0.1520059121,-0.007203941927,1.076181649,0.1520036495,4.190187154e-06
7.1,1.854787774,0.2046675425,-0.4016482225,1.15241427,0.1522495377,-0.07144255255,1.086445918,0.1520058718,-0.007204227536,1.079221721,0.1520036256,4.02068264e-06
7.12,1.858878768,0.2044323686,-0.4033203037,1.155459243,0.1522477423,-0.0714553179,1.089486035,0.1520058327,-0.007204505551,1.082261794,0.1520036028,3.858007973e-06
7.14,1.862965069,0.2041982297,-0.4049897089,1.15850418,0.1522459644,-0.07146799426,1.092526151,0.1520057948,-0.007204776252,1.085301865,0.1520035809,3.701889215e-06
7.16,1.867046698,0.2039651195,-0.4066564419,1.161549081,0.1522442037,-0.07148058271,1.095566266,0.1520057579,-0.00720503991,1.088341937,0.1520035599,3.552063361e-06
7.18,1.871123674,0.2037330318,-0.4083205058,1.164593948,0.1522424601,-0.07149308433,1.098606381,0.1520057221,-0.007205296785,1.091382008,0.1520035398,3.408277866e-06
7.2,1.875196019,0.2035019604,-0.4099819039,1.16763878,0.1522407333,-0.07150550016,1.101646495,0.1520056873,-0.007205547128,1.094422078,0.1520035207,3.270290294e-06
7.22,1.879263752,0.2032718994,-0.4116406388,1.170683577,0.152239023,-0.07151783121,1.104686609,0.1520056534,-0.007205791177,1.097462149,0.1520035023,3.137867872e-06
7.24,1.883326895,0.2030428428,-0.4132967132,1.173728341,0.152237329,-0.0715300785,1.107726721,0.1520056205,-0.007206029165,1.100502219,0.1520034847,3.010787138e-06
7.26,1.887385466,0.2028147847,-0.4149501295,1.176773071,0.1522356512,-0.071542243,1.110766834,0.1520055885,-0.007206261311,1.103542288,0.1520034679,2.888833524e-06
7.28,1.891439486,0.2025877193,-0.4166008897,1.179817767,0.1522339892,-0.07155432568,1.113806945,0.1520055573,-0.00720648783,1.106582357,0.1520034518,2.77180099e-06
7.3,1.895488975,0.202361641,-0.4182489958,1.18286243,0.1522323428,-0.07156632747,1.116847056,0.152005527,-0.007206708926,1.109622426,0.1520034364,2.659492031e-06
7.32,1.899533952,0.202136544,-0.4198944495,1.185907061,0.1522307119,-0.0715782493,1.119887166,0.1520054974,-0.007206924795,1.112662495,0.1520034216,2.551716631e-06
7.34,1.903574437,0.2019124229,-0.4215372523,1.188951659,0.1522290963,-0.07159009208,1.122927276,0.1520054687,-0.007207135627,1.115702563,0.1520034075,2.44829257e-06
7.36,1.907610449,0.2016892722,-0.4231774055,1.191996224,0.1522274956,-0.0716018567,1.125967385,0.1520054407,-0.007207341603,1.118742631,0.152003394,2.349045003e-06
7.38,1.911642008,0.2014670864,-0.4248149101,1.195040758,0.1522259098,-0.07161354403,1.129007493,0.1520054133,-0.007207542897,1.121782699,0.1520033811,2.253805885e-06
7.4,1.915669132,0.2012458602,-0.426449767,1.198085261,0.1522243386,-0.07162515492,1.132047601,0.1520053867,-0.007207739677,1.124822766,0.1520033687,2.162414058e-06
7.42,1.919691842,0.2010255883,-0.4280819771,1.201129732,0.1522227819,-0.07163669021,1.135087709,0.1520053607,-0.007207932105,1.127862833,0.1520033569,2.074714763e-06
7.44,1.923710156,0.2008062655,-0.4297115407,1.204174172,0.1522212394,-0.07164815073,1.138127816,0.1520053354,-0.007208120334,1.130902901,0.1520033456,1.990559306e-06
7.46,1.927724093,0.2005878866,-0.4313384582,1.207218582,0.152219711,-0.07165953728,1.141167922,0.1520053107,-0.007208304514,1.133942967,0.1520033347,1.909805083e-06
7.48,1.931733671,0.2003704467,-0.4329627299,1.210262961,0.1522181965,-0.07167085067,1.144208028,0.1520052866,-0.007208484787,1.136983034,0.1520033244,1.832315318e-06
7.5,1.93573891,0.2001539406,-0.4345843557,1.213307309,0.1522166957,-0.07168209166,1.147248134,0.152005263,-0.007208661292,1.1400231,0.1520033144,1.757958524e-06
7.52,1.939739829,0.1999383635,-0.4362033355,1.216351628,0.1522152084,-0.07169326102,1.150288239,0.15200524,-0.00720883416,1.143063166,0.1520033049,1.686608548e-06
7.54,1.943736445,0.1997237103,-0.437819669,1.219395918,0.1522137345,-0.0717043595,1.153328343,0.1520052175,-0.007209003518,1.146103232,0.1520032958,1.618144134e-06
7.56,1.947728777,0.1995099764,-0.4394333557,1.222440178,0.1522122738,-0.07171538784,1.156368447,0.1520051955,-0.007209169487,1.149143298,0.1520032871,1.552449358e-06
7.58,1.951716844,0.1992971569,-0.441044395,1.225484409,0.1522108261,-0.07172634677,1.159408551,0.152005174,-0.007209332186,1.152183364,0.1520032788,1.489412305e-06
7.6,1.955700664,0.199085247,-0.4426527862,1.228528611,0.1522093913,-0.07173723699,1.162448654,0.152005153,-0.007209491727,1.155223429,0.1520032708,1.428926059e-06
7.62,1.959680254,0.1988742422,-0.4442585284,1.231572784,0.1522079692,-0.07174805922,1.165488757,0.1520051324,-0.007209648219,1.158263495,0.1520032632,1.370887714e-06
7.64,1.963655633,0.1986641378,-0.4458616206,1.23461693,0.1522065596,-0.07175881412,1.16852886,0.1520051123,-0.007209801764,1.16130356,0.1520032559,1.31519873e-06
7.66,1.967626819,0.1984549292,-0.4474620615,1.237661047,0.1522051624,-0.07176950239,1.171568962,0.1520050926,-0.007209952464,1.164343625,0.1520032489,1.261764191e-06
7.68,1.97159383,0.198246612,-0.44905985,1.240705136,0.1522037775,-0.07178012468,1.174609063,0.1520050733,-0.007210100415,1.16738369,0.1520032422,1.210493324e-06
7.7,1.975556684,0.1980391817,-0.4506549847,1.243749198,0.1522024047,-0.07179068164,1.177649165,0.1520050544,-0.007210245709,1.170423755,0.1520032358,1.161298724e-06
7.72,1.979515398,0.1978326339,-0.4522474639,1.246793232,0.1522010438,-0.07180117393,1.180689266,0.1520050359,-0.007210388434,1.173463819,0.1520032297,1.114096759e-06
7.74,1.983469989,0.1976269642,-0.4538372861,1.24983724,0.1521996948,-0.07181160216,1.183729366,0.1520050178,-0.007210528678,1.176503884,0.1520032239,1.068806902e-06
7.76,1.987420476,0.1974221684,-0.4554244496,1.25288122,0.1521983574,-0.07182196697,1.186769466,0.152005,-0.007210666521,1.179543948,0.1520032183,1.025352045e-06
7.78,1.991366876,0.1972182421,-0.4570089524,1.255925174,0.1521970315,-0.07183226896,1.189809566,0.1520049825,-0.007210802043,1.182584013,0.1520032129,9.836581536e-07
7.8,1.995309206,0.1970151812,-0.4585907927,1.258969101,0.152195717,-0.07184250874,1.192849666,0.1520049654,-0.00721093532,1.185624077,0.1520032078,9.436541171e-07
7.82,1.999247483,0.1968129814,-0.4601699684,1.262013003,0.1521944138,-0.07185268689,1.195889765,0.1520049486,-0.007211066424,1.188664141,0.1520032028,9.052716412e-07
7.84,2.003181725,0.1966116388,-0.4617464773,1.265056878,0.1521931217,-0.071862804,1.198929864,0.1520049322,-0.007211195426,1.191704205,0.1520031981,8.684452866e-07
7.86,2.007111949,0.1964111491,-0.4633203172,1.268100727,0.1521918406,-0.07187286064,1.201969962,0.152004916,-0.007211322394,1.194744269,0.1520031936,8.331121946e-07
7.88,2.011038171,0.1962115083,-0.4648914858,1.271144551,0.1521905703,-0.07188285738,1.20501006,0.1520049001,-0.007211447393,1.197784333,0.1520031893,7.992118984e-07
7.9,2.014960409,0.1960127125,-0.4664599806,1.27418835,0.1521893108,-0.07189279476,1.208050158,0.1520048845,-0.007211570485,1.200824396,0.1520031852,7.666868003e-07
7.92,2.01887868,0.1958147576,-0.4680257992,1.277232124,0.1521880619,-0.07190267334,1.211090256,0.1520048692,-0.007211691729,1.20386446,0.1520031813,7.354810247e-07
7.94,2.022792999,0.1956176398,-0.469588939,1.280275873,0.1521868236,-0.07191249366,1.214130353,0.1520048541,-0.007211811185,1.206904524,0.1520031775,7.055414568e-07
7.96,2.026703385,0.1954213552,-0.4711493974,1.283319597,0.1521855956,-0.07192225624,1.21717045,0.1520048393,-0.007211928908,1.209944587,0.1520031739,6.768167564e-07
7.98,2.030609854,0.1952259,-0.4727071716,1.286363297,0.1521843778,-0.07193196161,1.220210546,0.1520048247,-0.00721204495,1.212984651,0.1520031704,6.492578926e-07
8,2.034512421,0.1950312703,-0.4742622589,1.289406972,0.1521831702,-0.07194161027,1.223250643,0.1520048104,-0.007212159364,1.216024714,0.1520031671,6.228176854e-07
8.02,2.038411104,0.1948374623,-0.4758146564,1.292450623,0.1521819726,-0.07195120275,1.226290739,0.1520047963,-0.007212272198,1.219064777,0.1520031639,5.974508321e-07
8.04,2.04230592,0.1946444724,-0.4773643612,1.295494251,0.152180785,-0.07196073953,1.229330835,0.1520047825,-0.007212383502,1.222104841,0.1520031609,5.731138706e-07
8.06,2.046196883,0.1944522969,-0.4789113703,1.298537855,0.1521796071,-0.07197022111,1.23237093,0.1520047688,-0.00721249332,1.225144904,0.152003158,5.497654016e-07
8.08,2.050084012,0.194260932,-0.4804556808,1.301581435,0.152178439,-0.07197964797,1.235411025,0.1520047554,-0.007212601696,1.228184967,0.1520031552,5.273651977e-07
8.1,2.053967321,0.1940703742,-0.4819972894,1.304624992,0.1521772805,-0.07198902059,1.23845112,0.1520047422,-0.007212708673,1.23122503,0.1520031526,5.058749342e-07
8.12,2.057846827,0.1938806199,-0.4835361931,1.307668526,0.1521761314,-0.07199833944,1.241491215,0.1520047292,-0.007212814292,1.234265093,0.15200315,4.852575501e-07
8.14,2.061722545,0.1936916654,-0.4850723888,1.310712038,0.1521749917,-0.07200760499,1.244531309,0.1520047163,-0.007212918593,1.237305156,0.1520031476,4.654780725e-07
8.16,2.065594493,0.1935035074,-0.4866058731,1.313755526,0.1521738613,-0.07201681769,1.247571404,0.1520047037,-0.007213021612,1.240345219,0.1520031453,4.465023944e-07
8.18,2.069462686,0.1933161422,-0.4881366429,1.316798992,0.1521727401,-0.07202597799,1.250611498,0.1520046912,-0.007213123386,1.243385282,0.152003143,4.282980122e-07
8.2,2.073327139,0.1931295664,-0.4896646948,1.319842436,0.152171628,-0.07203508634,1.253651591,0.1520046789,-0.007213223951,1.246425345,0.1520031409,4.108335205e-07
8.22,2.077187868,0.1929437765,-0.4911900254,1.322885857,0.1521705248,-0.07204414318,1.256691685,0.1520046668,-0.00721332334,1.249465407,0.1520031389,3.9407918e-07
8.24,2.08104489,0.1927587692,-0.4927126314,1.325929257,0.1521694305,-0.07205314894,1.259731778,0.1520046549,-0.007213421585,1.25250547,0.1520031369,3.780059987e-07
8.26,2.084898219,0.1925745411,-0.4942325094,1.328972634,0.1521683451,-0.07206210404,1.262771871,0.1520046431,-0.007213518718,1.255545533,0.1520031351,3.625865654e-07
8.28,2.088747872,0.1923910888,-0.495749656,1.33201599,0.1521672683,-0.07207100892,1.265811964,0.1520046315,-0.00721361477,1.258585596,0.1520031333,3.477942121e-07
8.3,2.092593863,0.192208409,-0.4972640676,1.335059325,0.1521662001,-0.07207986397,1.268852056,0.1520046201,-0.007213709768,1.261625658,0.1520031315,3.33603615e-07
8.32,2.096436208,0.1920264985,-0.4987757407,1.338102638,0.1521651405,-0.07208866961,1.271892149,0.1520046087,-0.007213803742,1.264665721,0.1520031299,3.199903058e-07
8.34,2.100274923,0.1918453538,-0.5002846719,1.341145931,0.1521640893,-0.07209742626,1.274932241,0.1520045976,-0.007213896717,1.267705783,0.1520031283,3.069309789e-07
8.36,2.104110022,0.1916649718,-0.5017908577,1.344189202,0.1521630464,-0.0721061343,1.277972332,0.1520045866,-0.00721398872,1.270745846,0.1520031268,2.944031481e-07
8.38,2.107941521,0.1914853493,-0.5032942943,1.347232453,0.1521620117,-0.07211479412,1.281012424,0.1520045757,-0.007214079776,1.273785909,0.1520031254,2.823850973e-07
8.4,2.111769436,0.1913064831,-0.5047949783,1.350275682,0.1521609853,-0.07212340613,1.284052515,0.1520045649,-0.007214169909,1.276825971,0.152003124,2.708563054e-07
8.42,2.115593781,0.1911283699,-0.5062929062,1.353318892,0.1521599669,-0.07213197069,1.287092607,0.1520045543,-0.007214259142,1.279866033,0.1520031227,2.59796775e-07
8.44,2.119414571,0.1909510067,-0.5077880741,1.356362081,0.1521589565,-0.0721404882,1.290132698,0.1520045439,-0.007214347497,1.282906096,0.1520031215,2.491877844e-07
8.46,2.123231821,0.1907743904,-0.5092804787,1.35940525,0.152157954,-0.07214895902,1.293172788,0.1520045335,-0.007214434996,1.285946158,0.1520031203,2.390105827e-07
8.48,2.127045546,0.1905985177,-0.5107701162,1.362448399,0.1521569594,-0.07215738353,1.296212879,0.1520045233,-0.007214521661,1.288986221,0.1520031191,2.292480148e-07
8.5,2.130855762,0.1904233857,-0.512256983,1.365491529,0.1521559725,-0.07216576208,1.299252969,0.1520045132,-0.007214607509,1.292026283,0.152003118,2.1988303e-07
8.52,2.134662482,0.1902489914,-0.5137410754,1.368534638,0.1521549933,-0.07217409504,1.302293059,0.1520045032,-0.007214692562,1.295066345,0.1520031169,2.108996522e-07
8.54,2.138465721,0.1900753316,-0.5152223899,1.371577728,0.1521540217,-0.07218238276,1.305333149,0.1520044933,-0.007214776838,1.298106408,0.1520031159,2.022821413e-07
8.56,2.142265495,0.1899024033,-0.5167009227,1.374620799,0.1521530576,-0.0721906256,1.308373239,0.1520044835,-0.007214860355,1.30114647,0.152003115,1.940158494e-07
8.58,2.146061818,0.1897302036,-0.5181766703,1.377663851,0.152152101,-0.0721988239,1.311413329,0.1520044739,-0.007214943129,1.304186532,0.152003114,1.860864995e-07
8.6,2.149854703,0.1895587296,-0.519649629,1.380706883,0.1521511518,-0.072206978,1.314453418,0.1520044643,-0.007215025178,1.307226595,0.1520031132,1.78480374e-07
8.62,2.153644167,0.1893879781,-0.5211197952,1.383749897,0.1521502098,-0.07221508825,1.317493507,0.1520044549,-0.007215106519,1.310266657,0.1520031123,1.711841369e-07
8.64,2.157430222,0.1892179464,-0.5225871652,1.386792891,0.1521492751,-0.07222315497,1.320533596,0.1520044455,-0.007215187165,1.313306719,0.1520031115,1.641855141e-07
8.66,2.161212885,0.1890486315,-0.5240517354,1.389835868,0.1521483475,-0.0722311785,1.323573685,0.1520044363,-0.007215267133,1.316346781,0.1520031107,1.574722575e-07
8.68,2.164992168,0.1888800306,-0.5255135023,1.392878825,0.152147427,-0.07223915916,1.326613774,0.1520044271,-0.007215346437,1.319386844,0.15200311,1.510328258e-07
8.7,2.168768086,0.1887121407,-0.5269724621,1.395921765,0.1521465135,-0.07224709728,1.329653862,0.1520044181,-0.007215425091,1.322426906,0.1520031093,1.448557103e-07
8.72,2.172540653,0.1885449589,-0.5284286113,1.398964686,0.152145607,-0.07225499317,1.332693951,0.1520044091,-0.007215503109,1.325466968,0.1520031086,1.389309241e-07
8.74,2.176309884,0.1883784826,-0.5298819463,1.402007589,0.1521447073,-0.07226284715,1.335734039,0.1520044002,-0.007215580502,1.32850703,0.1520031079,1.332476574e-07
8.76,2.180075793,0.1882127088,-0.5313324635,1.405050474,0.1521438145,-0.07227065953,1.338774127,0.1520043915,-0.007215657285,1.331547092,0.1520031073,1.27796324e-07
8.78,2.183838393,0.1880476348,-0.5327801594,1.408093342,0.1521429284,-0.07227843062,1.341814214,0.1520043828,-0.00721573347,1.334587154,0.1520031067,1.225673878e-07
8.8,2.187597698,0.1878832577,-0.5342250305,1.411136191,0.1521420489,-0.07228616073,1.344854302,0.1520043742,-0.007215809067,1.337627217,0.1520031061,1.175519895e-07
8.82,2.191353723,0.1877195748,-0.5356670732,1.414179024,0.1521411761,-0.07229385015,1.347894389,0.1520043657,-0.007215884089,1.340667279,0.1520031056,1.127411402e-07
8.84,2.195106481,0.1875565834,-0.537106284,1.417221838,0.1521403099,-0.07230149918,1.350934476,0.1520043572,-0.007215958546,1.343707341,0.1520031051,1.081267229e-07
8.86,2.198855986,0.1873942807,-0.5385426595,1.420264636,0.1521394501,-0.07230910811,1.353974564,0.1520043489,-0.007216032449,1.346747403,0.1520031046,1.037007475e-07
8.88,2.202602252,0.187232664,-0.5399761962,1.423307416,0.1521385968,-0.07231667724,1.35701465,0.1520043406,-0.007216105809,1.349787465,0.1520031041,9.945529023e-08
8.9,2.206345293,0.1870717306,-0.5414068906,1.42635018,0.1521377498,-0.07232420686,1.360054737,0.1520043324,-0.007216178635,1.352827527,0.1520031036,9.53833772e-08
8.92,2.210085121,0.1869114778,-0.5428347393,1.429392926,0.1521369091,-0.07233169724,1.363094824,0.1520043243,-0.007216250936,1.355867589,0.1520031032,9.147779267e-08
8.94,2.213821752,0.186751903,-0.5442597391,1.432435656,0.1521360747,-0.07233914868,1.36613491,0.1520043163,-0.007216322723,1.358907651,0.1520031028,8.773171012e-08
8.96,2.217555198,0.1865930035,-0.5456818864,1.435478369,0.1521352464,-0.07234656144,1.369174996,0.1520043083,-0.007216394004,1.361947713,0.1520031024,8.413850705e-08
8.98,2.221285472,0.1864347766,-0.5471011779,1.438521066,0.1521344243,-0.0723539358,1.372215082,0.1520043004,-0.007216464788,1.364987775,0.152003102,8.069221202e-08
9,2.225012589,0.1862772198,-0.5485176105,1.441563746,0.1521336083,-0.07236127203,1.375255168,0.1520042926,-0.007216535083,1.368027837,0.1520031016,7.738674457e-08
9.02,2.228736561,0.1861203304,-0.5499311807,1.44460641,0.1521327982,-0.07236857041,1.378295254,0.1520042848,-0.007216604898,1.371067899,0.1520031013,7.421636439e-08
9.04,2.232457402,0.1859641058,-0.5513418853,1.447649058,0.1521319941,-0.0723758312,1.38133534,0.1520042772,-0.00721667424,1.374107961,0.1520031009,7.117535183e-08
9.06,2.236175125,0.1858085435,-0.5527497212,1.45069169,0.152131196,-0.07238305467,1.384375425,0.1520042696,-0.007216743116,1.377148023,0.1520031006,6.825897336e-08
9.08,2.239889744,0.1856536408,-0.5541546851,1.453734306,0.1521304036,-0.07239024106,1.387415511,0.152004262,-0.007216811536,1.380188085,0.1520031003,6.546155951e-08
9.1,2.243601271,0.1854993952,-0.5555567739,1.456776906,0.1521296171,-0.07239739065,1.390455596,0.1520042545,-0.007216879505,1.383228147,0.1520031,6.277862474e-08
9.12,2.247309719,0.1853458043,-0.5569559845,1.459819491,0.1521288363,-0.07240450368,1.393495681,0.1520042471,-0.00721694703,1.386268209,0.1520030997,6.020526366e-08
9.14,2.251015103,0.1851928653,-0.5583523138,1.46286206,0.1521280612,-0.07241158042,1.396535766,0.1520042398,-0.007217014119,1.389308271,0.1520030995,5.773724654e-08
9.16,2.254717434,0.1850405759,-0.5597457588,1.465904613,0.1521272917,-0.0724186211,1.39957585,0.1520042325,-0.007217080778,1.392348333,0.1520030992,5.537011982e-08
9.18,2.258416726,0.1848889335,-0.5611363163,1.468947151,0.1521265278,-0.07242562598,1.402615935,0.1520042253,-0.007217147013,1.395388395,0.152003099,5.309978657e-08
9.2,2.262112991,0.1847379356,-0.5625239836,1.471989674,0.1521257695,-0.0724325953,1.405656019,0.1520042181,-0.00721721283,1.398428457,0.1520030987,5.092225153e-08
9.22,2.265806243,0.1845875798,-0.5639087576,1.475032182,0.1521250166,-0.0724395293,1.408696104,0.152004211,-0.007217278236,1.401468519,0.1520030985,4.883407967e-08
9.24,2.269496495,0.1844378635,-0.5652906354,1.478074675,0.1521242691,-0.07244642822,1.411736188,0.152004204,-0.007217343236,1.404508581,0.1520030983,4.683121912e-08
9.26,2.273183758,0.1842887844,-0.5666696142,1.481117153,0.1521235271,-0.07245329231,1.414776272,0.152004197,-0.007217407835,1.407548643,0.1520030981,4.491018313e-08
9.28,2.276868046,0.1841403399,-0.5680456912,1.484159616,0.1521227903,-0.07246012179,1.417816356,0.15200419,-0.00721747204,1.410588705,0.1520030979,4.306772072e-08
9.3,2.280549371,0.1839925277,-0.5694188636,1.487202065,0.1521220589,-0.07246691689,1.420856439,0.1520041832,-0.007217535856,1.413628767,0.1520030977,4.130095421e-08
9.32,2.284227747,0.1838453453,-0.5707891286,1.490244498,0.1521213327,-0.07247367786,1.423896523,0.1520041764,-0.007217599287,1.416668829,0.1520030975,3.960632422e-08
9.34,2.287903185,0.1836987903,-0.5721564836,1.493286918,0.1521206117,-0.07248040491,1.426936606,0.1520041696,-0.007217662339,1.419708891,0.1520030973,3.798110781e-08
9.36,2.291575699,0.1835528603,-0.573520926,1.496329323,0.1521198958,-0.07248709827,1.42997669,0.1520041629,-0.007217725017,1.422748953,0.1520030972,3.642242907e-08
9.38,2.2952453,0.1834075529,-0.574882453,1.499371714,0.152119185,-0.07249375816,1.433016773,0.1520041563,-0.007217787325,1.425789015,0.152003097,3.492745826e-08
9.4,2.298912001,0.1832628658,-0.5762410622,1.50241409,0.1521184793,-0.07250038481,1.436056856,0.1520041497,-0.007217849268,1.428829077,0.1520030968,3.34938135e-08
9.42,2.302575814,0.1831187965,-0.577596751,1.505456453,0.1521177786,-0.07250697844,1.439096939,0.1520041431,-0.007217910851,1.431869139,0.1520030967,3.211882693e-08
9.44,2.306236753,0.1829753428,-0.578949517,1.508498801,0.1521170829,-0.07251353926,1.442137022,0.1520041366,-0.007217972077,1.434909201,0.1520030966,3.080021549e-08
9.46,2.309894828,0.1828325021,-0.5802993577,1.511541136,0.152116392,-0.07252006748,1.445177104,0.1520041302,-0.007218032952,1.437949263,0.1520030964,2.953554445e-08
9.48,2.313550053,0.1826902724,-0.5816462707,1.514583457,0.1521157061,-0.07252656332,1.448217187,0.1520041238,-0.007218093479,1.440989325,0.1520030963,2.832283363e-08
9.5,2.317202439,0.1825486511,-0.5829902538,1.517625764,0.152115025,-0.07253302699,1.451257269,0.1520041174,-0.007218153662,1.444029386,0.1520030962,2.71598195e-08
9.52,2.320851999,0.1824076359,-0.5843313045,1.520668058,0.1521143487,-0.0725394587,1.454297352,0.1520041112,-0.007218213505,1.447069448,0.1520030961,2.604428873e-08
9.54,2.324498744,0.1822672247,-0.5856694207,1.523710338,0.1521136771,-0.07254585866,1.457337434,0.1520041049,-0.007218273013,1.45010951,0.1520030959,2.49744212e-08
9.56,2.328142688,0.182127415,-0.5870046002,1.526752605,0.1521130103,-0.07255222706,1.460377516,0.1520040987,-0.007218332188,1.453149572,0.1520030958,2.394865284e-08
9.58,2.331783841,0.1819882046,-0.5883368408,1.529794859,0.1521123481,-0.07255856412,1.463417598,0.1520040926,-0.007218391035,1.456189634,0.1520030957,2.296479895e-08
9.6,2.335422216,0.1818495912,-0.5896661404,1.532837099,0.1521116905,-0.07256487003,1.46645768,0.1520040865,-0.007218449556,1.459229696,0.1520030956,2.202127147e-08
9.62,2.339057825,0.1817115725,-0.590992497,1.535879326,0.1521110376,-0.07257114499,1.469497761,0.1520040804,-0.007218507757,1.462269758,0.1520030955,2.111633557e-08
9.64,2.342690679,0.1815741463,-0.5923159086,1.538921541,0.1521103892,-0.0725773892,1.472537843,0.1520040744,-0.007218565639,1.46530982,0.1520030955,2.02487227e-08
9.66,2.34632079,0.1814373103,-0.5936363731,1.541963742,0.1521097453,-0.07258360286,1.475577924,0.1520040684,-0.007218623206,1.468349882,0.1520030954,1.941647088e-08
9.68,2.349948171,0.1813010622,-0.5949538888,1.54500593,0.1521091058,-0.07258978615,1.478618006,0.1520040625,-0.007218680461,1.471389944,0.1520030953,1.861849719e-08
9.7,2.353572833,0.1811653999,-0.5962684537,1.548048106,0.1521084708,-0.07259593928,1.481658087,0.1520040566,-0.007218737408,1.474430006,0.1520030952,1.785309167e-08
9.72,2.357194787,0.1810303211,-0.597580066,1.551090269,0.1521078402,-0.07260206242,1.484698168,0.1520040508,-0.007218794049,1.477470068,0.1520030951,1.71192911e-08
9.74,2.360814046,0.1808958236,-0.598888724,1.55413242,0.152107214,-0.07260815577,1.487738249,0.152004045,-0.007218850388,1.480510129,0.1520030951,1.641543546e-08
9.76,2.36443062,0.1807619051,-0.600194426,1.557174558,0.152106592,-0.07261421952,1.49077833,0.1520040393,-0.007218906428,1.483550191,0.152003095,1.574061459e-08
9.78,2.368044522,0.1806285636,-0.6014971703,1.560216684,0.1521059744,-0.07262025385,1.49381841,0.1520040336,-0.007218962171,1.486590253,0.1520030949,1.509328706e-08
9.8,2.371655763,0.1804957967,-0.6027969553,1.563258797,0.152105361,-0.07262625893,1.496858491,0.1520040279,-0.00721901762,1.489630315,0.1520030949,1.447252873e-08
9.82,2.375264354,0.1803636023,-0.6040937795,1.566300898,0.1521047518,-0.07263223497,1.499898571,0.1520040223,-0.007219072778,1.492670377,0.1520030948,1.387747695e-08
9.84,2.378870307,0.1802319782,-0.6053876414,1.569342987,0.1521041468,-0.07263818212,1.502938652,0.1520040167,-0.007219127647,1.495710439,0.1520030947,1.330670529e-08
9.86,2.382473633,0.1801009223,-0.6066785394,1.572385064,0.152103546,-0.07264410058,1.505978732,0.1520040111,-0.007219182231,1.498750501,0.1520030947,1.275912775e-08
9.88,2.386074344,0.1799704323,-0.6079664723,1.575427129,0.1521029492,-0.07264999052,1.509018812,0.1520040056,-0.007219236531,1.501790563,0.1520030946,1.223435242e-08
9.9,2.38967245,0.1798405062,-0.6092514386,1.578469182,0.1521023565,-0.07265585211,1.512058892,0.1520040002,-0.007219290551,1.504830625,0.1520030946,1.173107078e-08
9.92,2.393267964,0.1797111418,-0.6105334372,1.581511223,0.1521017679,-0.07266168553,1.515098972,0.1520039948,-0.007219344293,1.507870686,0.1520030945,1.124831761e-08
9.94,2.396860896,0.179582337,-0.6118124666,1.584553253,0.1521011833,-0.07266749095,1.518139052,0.1520039894,-0.007219397758,1.510910748,0.1520030945,1.078547451e-08
9.96,2.400451257,0.1794540895,-0.6130885258,1.58759527,0.1521006026,-0.07267326854,1.521179132,0.152003984,-0.007219450951,1.51395081,0.1520030944,1.034156538e-08
9.98,2.404039059,0.1793263974,-0.6143616136,1.590637277,0.1521000259,-0.07267901847,1.524219211,0.1520039787,-0.007219503872,1.516990872,0.1520030944,9.916031996e-09
10,2.407624313,0.1792626899,-0.6149974145,1.593679271,0.1520997385,-0.07268188654,1.527259291,0.1520039761,-0.007219530265,1.520030934,0.1520030944,9.70771552e-09
